episode,length,time,reward,delta
0,16.0,0.0013219999996181286,-2.6000000000000005,-1.0
1,58.0,0.0038479999998344283,-6.799999999999995,-1.0
2,17.0,0.0012320000000727305,-2.7,-0.91
3,63.0,0.0042480000001887674,-7.299999999999994,-0.91
4,28.0,0.0019210000000384753,-3.800000000000001,-0.91
5,27.0,0.0018540000000939472,-3.700000000000001,-0.91
6,48.0,0.003181999999924301,-5.799999999999999,-0.91
7,47.0,0.0032310000001416483,-5.699999999999999,-1.0
8,15.0,0.001065000000380678,-2.5,-0.91
9,48.0,0.0032639999999446445,-5.799999999999999,-1.0
10,10.0,0.0007600000003549212,-2.0,-0.8163549999999999
11,23.0,0.001576999999997497,-3.3000000000000007,-0.91
12,6.0,0.0005130000004101021,-1.6,-1.0
13,58.0,0.0038039999999455176,-6.799999999999995,-1.0
14,11.0,0.0008089999996627739,-2.0999999999999996,-0.6702724580428
15,86.0,0.006000000000312866,-9.599999999999985,-1.0
16,19.0,0.0012980000001334702,-2.9000000000000004,-0.06702724580427999
17,22.0,0.0014790000000175496,-3.2000000000000006,-0.89245855
18,15.0,0.0010500000003048626,-2.5,-0.654650155
19,13.0,0.0009260000001631852,-2.3,-0.901
20,12.0,0.0009310000000368746,-2.2,-0.91
21,46.0,0.003048999999919033,-5.6,-1.0
22,14.0,0.000988999999663065,-2.4000000000000004,-0.08924585499999993
23,16.0,0.001115999999910855,-2.6000000000000005,-0.08163549999999997
24,19.0,0.0012910000000374566,-2.9000000000000004,-1.0
25,14.0,0.000998999999865191,-2.4000000000000004,-1.0
26,18.0,0.0012230000002091401,-2.8000000000000007,-0.06546501549999995
27,10.0,0.0006779999998798303,-2.0,-0.59595691977253
28,13.0,0.0009390000000166765,-2.3,-0.09099999999999997
29,33.0,0.002215999999862106,-4.300000000000002,-0.83305
30,36.0,0.0023989999999685097,-4.600000000000001,-1.0
31,11.0,0.0008280000001832377,-2.0999999999999996,-1.0
32,79.0,0.005186999999750697,-8.899999999999988,-0.00892458549999997
33,35.0,0.0023200000000542786,-4.500000000000002,-1.0
34,17.0,0.001205000000027212,-2.7,-0.82405
35,34.0,0.002261999999973341,-4.400000000000002,-0.2620480744639946
36,157.0,0.010193000000072061,-16.69999999999996,-0.09009999999999996
37,24.0,0.001580999999987398,-3.400000000000001,-0.7343631470125
38,43.0,0.00288700000010067,-5.300000000000001,-0.4385739864445396
39,153.0,0.009892999999919994,-16.29999999999996,-0.09999999999999998
40,37.0,0.0025059999998120475,-4.700000000000002,-0.09999999999999998
41,8.0,0.0006330000001071312,-1.7999999999999998,-0.512308528704647
42,88.0,0.005673999999999069,-9.799999999999985,-0.25906260118345203
43,34.0,0.002269999999953143,-4.400000000000002,-0.524747340047146
44,23.0,0.00287800000023708,-3.3000000000000007,-0.3200499211131782
45,17.0,0.0018610000001899607,-2.7,-0.05959569197725301
46,29.0,0.004004999999779102,-3.9000000000000012,-0.3376051219757863
47,41.0,0.004418999999870721,-5.100000000000001,-0.005959569197725334
48,51.0,0.004965000000083819,-6.099999999999998,-1.0
49,21.0,0.002064000000245869,-3.1000000000000005,-0.010000000000000009
50,36.0,0.0035889999999199063,-4.600000000000001,-0.91
51,50.0,0.006754000000000815,-2.9999999999999982,2.0
52,9.0,0.00087100000018836,-1.9,-0.32320757041885584
53,13.0,0.0015639999996892584,-2.3,-0.009009999999999962
54,57.0,0.003584000000046217,-6.699999999999996,-0.11582637335675261
55,13.0,0.0009009999998852436,-2.3,-0.011582637335675217
56,31.0,0.002146999999695254,-4.100000000000001,-0.8052857125359064
57,5.0,0.00036499999987427145,-1.5,-0.0005959569197725445
58,10.0,0.0006490000000667351,-2.0,-0.7735565082814275
59,15.0,0.0010199999996984843,-2.5,-0.09099999999999997
60,6.0,0.0004830000002584711,-1.6,-0.24924203153271052
61,67.0,0.00430899999992107,-7.699999999999992,-0.760096674080152
62,25.0,0.0016620000001239532,-3.500000000000001,-0.09999999999999998
63,57.0,0.0036780000000362634,-6.699999999999996,-0.37606061504093646
64,23.0,0.0015459999999620777,-3.3000000000000007,-0.0010000000000000009
65,43.0,0.0027629999999589927,-5.300000000000001,-0.21540950735764142
66,89.0,0.005695000000287109,-9.899999999999984,-1.0
67,23.0,0.00161500000012893,-3.3000000000000007,-0.7313527957082295
68,35.0,0.0022250000001804437,-4.500000000000002,-0.08052857125359059
69,16.0,0.001077999999779422,-2.6000000000000005,-0.09999999999999998
70,23.0,0.0014769999997952254,-3.3000000000000007,-0.5031926494254675
71,10.0,0.0006559999997080013,-2.0,-0.05031926494254679
72,20.0,0.001303999999890948,-3.0000000000000004,-0.07735565082814277
73,45.0,0.002858999999716616,-5.5,-0.010000000000000009
74,72.0,0.004541000000244821,-8.19999999999999,-0.02492420315327104
75,60.0,0.003830999999991036,-6.999999999999995,-0.6637606136966259
76,156.0,0.009849999999914871,-16.59999999999996,-1.0
77,33.0,0.002219999999852007,-4.300000000000002,-0.010000000000000009
78,9.0,0.0006859999998596322,-1.9,0.11554211144712556
79,28.0,0.0018489999997655104,-3.800000000000001,-0.91
80,67.0,0.004287000000203989,-7.699999999999992,-0.7294075921819999
81,37.0,0.0024920000000747677,-4.700000000000002,-0.05049999999999999
82,9.0,0.0007069999996929255,-1.9,-0.027707791394784076
83,10.0,0.0007390000000668806,-2.0,-0.09099999999999997
84,31.0,0.0021480000000337895,-4.100000000000001,0.09069730870868309
85,39.0,0.0027649999997265695,-4.900000000000002,-0.8253550000000001
86,28.0,0.0018640000002960733,-3.800000000000001,-0.57874349131561
87,6.0,0.0004969999999957508,-1.6,-0.44379027576409646
88,53.0,0.0036130000003140594,-6.299999999999997,-0.04437902757640966
89,39.0,0.0024960000000646687,-4.900000000000002,0.06792010911301127
90,12.0,0.0007799999998496787,-2.2,-0.901
91,94.0,0.00602500000013606,-10.399999999999983,-1.0
92,9.0,0.0005950000004304457,-1.9,-0.7872358567129504
93,25.0,0.0017250000000785803,-3.500000000000001,-0.32545985123250565
94,19.0,0.0013690000000678992,-2.9000000000000004,-0.82405
95,26.0,0.001712000000225089,-3.600000000000001,0.08922446519530314
96,43.0,0.0028029999998580024,-5.300000000000001,-0.5222494179287406
97,31.0,0.00205599999981132,-4.100000000000001,-0.15873790347689365
98,37.0,0.002484999999978754,-4.700000000000002,-0.05222494179287407
99,13.0,0.0009149999996225233,-2.3,-0.09560597424996797
100,27.0,0.0018359999999120191,-3.700000000000001,-0.23687742990976624
101,21.0,0.001396999999997206,-3.1000000000000005,-0.09009999999999996
102,88.0,0.005764999999883003,-9.799999999999985,-0.06427725026888431
103,54.0,0.0036030000001119333,-6.399999999999997,-0.75643781275
104,14.0,0.000976999999693362,-2.4000000000000004,-0.15160484122677087
105,47.0,0.003110999999989872,-5.699999999999999,-0.815455
106,27.0,0.0018220000001747394,-3.700000000000001,-0.91
107,15.0,0.001044999999976426,-2.5,-0.7339600000000001
108,77.0,0.004968000000189932,-8.699999999999989,0.04972817653922412
109,40.0,0.0026450000000295404,-5.000000000000002,0.05086823080730518
110,20.0,0.0014309999996839906,-3.0000000000000004,0.005086823080730607
111,22.0,0.0015300000000024738,-3.2000000000000006,-1.0
112,12.0,0.000853000000006432,-2.2,0.14702481671553658
113,98.0,0.006371999999828404,-10.799999999999981,-0.09999999999999998
114,51.0,0.003363999999692169,-6.099999999999998,0.0675959094458829
115,15.0,0.0010419999998703133,-2.5,-0.7394923
116,33.0,0.0022610000000895525,-4.300000000000002,-0.40950927565851447
117,35.0,0.0024090000001706358,-4.500000000000002,-1.0
118,32.0,0.0021280000000842847,-4.200000000000001,-0.5555395950935036
119,42.0,0.0027140000001963926,-5.200000000000001,-0.010000000000000009
120,30.0,0.001999000000068918,-4.000000000000002,-9.999999999998899e-05
121,39.0,0.00277399999959016,-4.900000000000002,-0.33695671360409063
122,21.0,0.001457000000300468,-3.1000000000000005,-0.11286471607615656
123,27.0,0.0018270000000484288,-3.700000000000001,-9.99999999995449e-06
124,38.0,0.0024659999999130378,-4.8000000000000025,-0.25207799278254805
125,24.0,0.001607000000149128,-3.400000000000001,-0.21590066169672717
126,12.0,0.0009270000000469736,-2.2,0.16457062291597335
127,21.0,0.0013960000001134176,-3.1000000000000005,-0.40331892455454443
128,63.0,0.004081999999925756,-7.299999999999994,-0.10764465711373816
129,42.0,0.0027439999998932763,-5.200000000000001,0.062442637631934916
130,31.0,0.002070000000003347,-4.100000000000001,0.006244263763193425
131,23.0,0.0033669999997982814,-3.3000000000000007,-0.033695671360409074
132,68.0,0.0069630000002689485,-7.799999999999992,-0.6439312711832501
133,16.0,0.002077999999983149,-2.6000000000000005,0.06367623740796424
134,43.0,0.005630000000110158,-5.300000000000001,0.006367623740796358
135,34.0,0.0036639999998442363,-4.400000000000002,0.08953503463883461
136,39.0,0.005166000000372151,-4.900000000000002,-0.7153230471140125
137,15.0,0.00176499999997759,-2.5,0.11061506432693324
138,10.0,0.001103999999941152,-2.0,0.03992599100620864
139,47.0,0.004417000000103144,-2.6999999999999993,2.09
140,39.0,0.002598000000034517,-4.900000000000002,-0.04033189245545443
141,11.0,0.0007860000000619038,-2.0999999999999996,0.18023168349075291
142,6.0,0.0004269999999451102,-1.6,0.07724975603748097
143,21.0,0.0013899999999011925,-3.1000000000000005,-0.00403318924554541
144,42.0,0.002733000000262109,-5.200000000000001,-0.28244131924080185
145,78.0,0.005024000000048545,-5.799999999999988,1.9109
146,14.0,0.0009730000001582084,-2.4000000000000004,0.10962532800749503
147,6.0,0.000428999999712687,-1.6,0.08409265742062422
148,36.0,0.002363000000059401,-4.600000000000001,0.10395538845102892
149,21.0,0.0013850000000275031,-3.1000000000000005,-0.12229542197405385
150,33.0,0.0022330000001602457,-4.300000000000002,-0.48184124140103335
151,73.0,0.004752999999709573,-8.29999999999999,-0.4848140668368366
152,81.0,0.005368000000089523,-9.099999999999987,0.09403857838705054
153,9.0,0.0006739999998899293,-1.9,0.015958685278974816
154,56.0,0.003654999999980646,-6.599999999999996,-0.24243601481376054
155,31.0,0.002034000000094238,-4.100000000000001,0.07510457840073559
156,24.0,0.0016359999999622232,-3.400000000000001,0.2207297006410427
157,25.0,0.00169000000005326,-3.500000000000001,-0.07819025431090287
158,19.0,0.001334000000042579,-2.9000000000000004,0.1121930374780189
159,13.0,0.0009140000001934823,-2.3,-0.27432924136713477
160,20.0,0.0013290000001688895,-3.0000000000000004,0.09859706197928975
161,59.0,0.003838999999970838,-3.899999999999995,0.19108999999999998
162,15.0,0.00102100000003702,-2.5,0.0015958685278973928
163,10.0,0.0006679999996777042,-2.0,0.19537678678026071
164,30.0,0.0020429999999578285,-4.000000000000002,-0.82405
165,20.0,0.0013659999999617867,-3.0000000000000004,0.21579882637751657
166,24.0,0.0016630000000077416,-3.400000000000001,0.02157988263775157
167,12.0,0.0008500000003550667,-2.2,0.21148887828690466
168,25.0,0.001686000000063359,-3.500000000000001,0.0021579882637752235
169,6.0,0.00042900000016743434,-1.6,0.00015958685278971707
170,14.0,0.00094600000011269,-2.4000000000000004,-0.14606603458526057
171,23.0,0.001576999999997497,-3.3000000000000007,-0.19087043714567886
172,18.0,0.0012120000001232256,-2.8000000000000007,0.16423775406326335
173,13.0,0.0009170000002995948,-2.3,0.060785828720742785
174,18.0,0.0012109999997846899,-2.8000000000000007,-0.605199909186771
175,59.0,0.003819000000021333,-6.899999999999995,-1.0
176,7.0,0.0005249999999250576,-1.7,-0.0274329241367135
177,12.0,0.0008499999999003194,-2.2,0.10211418728841415
178,33.0,0.0021769999998468847,-4.300000000000002,0.010211418728841348
179,20.0,0.0013219999996181286,-3.0000000000000004,0.00607858287207419
180,42.0,0.0026819999998224375,-5.200000000000001,-0.3248418005319229
181,23.0,0.001502000000073167,-3.3000000000000007,-0.01908704371456782
182,32.0,0.0021110000002408924,-4.200000000000001,-0.010764465711373794
183,29.0,0.0019330000000081782,-3.9000000000000012,0.022241259163140015
184,21.0,0.001382999999805179,-3.1000000000000005,0.13449720572678814
185,29.0,0.0020850000000791624,-3.9000000000000012,0.24382375676914791
186,16.0,0.0010710000001381559,-2.6000000000000005,-0.007735565082814255
187,56.0,0.0036059999997632985,-6.599999999999996,-0.0027432924136713277
188,14.0,0.0009770000001481094,-2.4000000000000004,0.024382375676914814
189,25.0,0.0017210000000886794,-3.500000000000001,-0.0010000000000000009
190,14.0,0.000976999999693362,-2.4000000000000004,0.10534904438856652
191,12.0,0.0008550000002287561,-2.2,0.08698207031272553
192,46.0,0.002992000000176631,-5.6,-0.0010000000000000009
193,16.0,0.0010900000002038723,-2.6000000000000005,0.1570313019620797
194,6.0,0.0005000000001018634,-1.6,0.01570313019620806
195,17.0,0.0011559999998098647,-2.7,0.12287832740863514
196,24.0,0.0015570000000479922,-3.400000000000001,0.0015703130196207393
197,28.0,0.0018680000002859742,-3.800000000000001,0.18539933739345305
198,4.0,0.0003059999999095453,-1.4,0.09658901476352977
199,15.0,0.001018999999814696,-2.5,0.05980051460834135
200,58.0,0.0038100000001577428,-6.799999999999995,-0.2314010120586839
201,19.0,0.0012689999998656276,-2.9000000000000004,0.26026246361044403
202,23.0,0.001573000000007596,-3.3000000000000007,0.026026246361044336
203,40.0,0.002660000000105356,-5.000000000000002,-0.5539592849154907
204,17.0,0.001216999999996915,-2.7,0.013449720572678903
205,31.0,0.0020260000001144363,-4.100000000000001,-0.07339600000000002
206,96.0,0.006222999999863532,-10.599999999999982,-0.815455
207,51.0,0.003289000000222586,-3.099999999999998,0.1982490950000002
208,10.0,0.0007350000000769796,-2.0,-0.0002743292413671661
209,19.0,0.0012710000000879518,-2.9000000000000004,-0.742444525
210,10.0,0.0006699999999000283,-2.0,-0.006334204617444161
211,29.0,0.0019509999997353589,-3.9000000000000012,0.01853993373934526
212,11.0,0.00074399999994057,-2.0999999999999996,0.29140828865604873
213,53.0,0.0033420000004298345,-3.299999999999997,0.019824909500000043
214,13.0,0.0009219999997185369,-2.3,0.2096597600940775
215,27.0,0.0017400000001543958,-3.700000000000001,-9.999999999998899e-05
216,8.0,0.0005219999998189451,-1.7999999999999998,0.0018539933739345482
217,15.0,0.0009900000000016007,-2.5,-0.0643931271183249
218,20.0,0.001265000000330474,-3.0000000000000004,-0.3362091250528183
219,25.0,0.001540999999633641,-3.500000000000001,-2.7432924136761017e-05
220,15.0,0.0009850000001279113,-2.5,0.09771533203691396
221,33.0,0.0020789999998669373,-4.300000000000002,-0.0324185947509793
222,4.0,0.000293000000056054,-1.4,-0.0006334204617444161
223,12.0,0.0007430000000567816,-2.2,-6.334204617441941e-05
224,26.0,0.0015859999998610874,-3.600000000000001,-0.735298525
225,53.0,0.003271000000040658,-6.299999999999997,0.1376026026240218
226,39.0,0.0023909999999887077,-4.900000000000002,0.01750451407954423
227,17.0,0.0010970000002998859,-2.7,0.009771533203691396
228,9.0,0.0006310000003395544,-1.9,0.029140828865604984
229,5.0,0.0003490000003694149,-1.5,0.0029140828865605872
230,31.0,0.001934000000346714,-4.100000000000001,-0.032498374580106404
231,20.0,0.0012560000000121363,-3.0000000000000004,0.07133853297413473
232,18.0,0.0011679999997795676,-2.8000000000000007,0.0017504514079544897
233,18.0,0.0012349999997240957,-2.8000000000000007,-0.024243601481376054
234,11.0,0.0007749999999759893,-2.0999999999999996,0.08453688105382295
235,7.0,0.0005760000003647292,-1.7,0.008453688105382273
236,12.0,0.0008200000002034358,-2.2,0.22828582990233715
237,8.0,0.0005209999999351567,-1.7999999999999998,0.1522949492105461
238,15.0,0.0009730000001582084,-2.5,0.07781854086872086
239,13.0,0.0008810000003904861,-2.3,0.022828582990233715
240,26.0,0.001675999999861233,-3.600000000000001,-0.003241859475097919
241,31.0,0.0019459999998616695,-4.100000000000001,0.002282858299023305
242,7.0,0.0005790000000160944,-1.7,0.00022828582990230828
243,12.0,0.0012459999998100102,-2.2,0.007781854086872153
244,23.0,0.0018390000000181317,-3.3000000000000007,2.282858299018642e-05
245,59.0,0.004295000000183791,-6.899999999999995,-0.0032498374580106626
246,30.0,0.0029429999999592837,-4.000000000000002,-0.08154549999999994
247,14.0,0.0018380000001343433,-2.4000000000000004,0.1201670898958469
248,10.0,0.0014250000003812602,-2.0,0.022938144376810632
249,29.0,0.002488999999968655,-3.9000000000000012,-0.724923055
250,15.0,0.0022690000000693544,-2.5,-0.2991766077246589
251,13.0,0.0018430000000080327,-2.3,0.17418727855713811
252,11.0,0.0009639999998398707,-2.0999999999999996,-0.029917660772465826
253,71.0,0.008529000000180531,-8.09999999999999,0.03673852305771064
254,20.0,0.0013610000000880973,-3.0000000000000004,-0.10724397500060301
255,14.0,0.0009270000000469736,-2.4000000000000004,-0.010724397500060268
256,15.0,0.0009799999997994746,-2.5,0.1908454991661206
257,13.0,0.0008929999999054417,-2.3,0.1815707647088316
258,20.0,0.0013390000003710156,-3.0000000000000004,0.17414333308529928
259,14.0,0.000927999999930762,-2.4000000000000004,-0.13470935718520793
260,4.0,0.00029600000016216654,-1.4,0.22098406507058077
261,17.0,0.0011880000001838198,-2.7,0.017414333308529928
262,8.0,0.0006379999999808206,-1.7999999999999998,0.022098406507057966
263,13.0,0.0009520000003249152,-2.3,-0.17313818914797663
264,9.0,0.0006110000003900495,-1.9,0.002209840650705841
265,9.0,0.0006079999998291896,-1.9,-0.38490226154629337
266,15.0,0.0010339999998905114,-2.5,0.00022098406507065071
267,7.0,0.000551999999970576,-1.7,2.2098406507131685e-05
268,18.0,0.001213000000007014,-2.8000000000000007,-0.14621589074716002
269,15.0,0.0010389999997642008,-2.5,0.10181600077512498
270,10.0,0.0008079999997789855,-2.0,2.209840650690964e-06
271,43.0,0.0027800000002571323,-5.300000000000001,-0.12150608225177573
272,7.0,0.0005619999997179548,-1.7,-0.01215060822517755
273,13.0,0.0009350000000267755,-2.3,2.2098406504689194e-07
274,25.0,0.0017039999997905397,-3.500000000000001,-0.7488032499999999
275,10.0,0.0006699999999000283,-2.0,0.007283636737587917
276,96.0,0.0062499999999090505,-10.599999999999982,0.24967024947026006
277,14.0,0.0009770000001481094,-2.4000000000000004,-0.00032498374580103295
278,10.0,0.000665000000026339,-2.0,0.20848084928024413
279,16.0,0.001067000000148255,-2.6000000000000005,0.02084808492802437
280,20.0,0.0014000000001033186,-3.0000000000000004,0.010181600077512565
281,33.0,0.002164999999877182,-4.300000000000002,-0.8348242507066643
282,12.0,0.0009599999998499698,-2.2,0.0007283636737587251
283,18.0,0.0012489999999161228,-2.8000000000000007,-0.05244628023217501
284,6.0,0.0004320000002735469,-1.6,0.11225877032989828
285,27.0,0.0018369999997958075,-3.700000000000001,7.283636737587251e-05
286,26.0,0.0017530000000078871,-3.600000000000001,-0.6512131590400001
287,10.0,0.0007430000000567816,-2.0,0.10035512953672199
288,28.0,0.0018799999998009298,-3.800000000000001,-0.10030573349536165
289,26.0,0.0018000000000029104,-3.600000000000001,-3.249837458008109e-05
290,23.0,0.0015859999998610874,-3.3000000000000007,-0.0260336487551458
291,36.0,0.002308999999968364,-4.600000000000001,-0.07016217399996183
292,25.0,0.001596999999947002,-3.500000000000001,0.1270780409434915
293,11.0,0.0008349999998245039,-2.0999999999999996,0.2758647897431812
294,12.0,0.0008499999999003194,-2.2,0.09281625252156966
295,38.0,0.002470999999786727,-4.8000000000000025,0.0377161473476082
296,15.0,0.0010179999999309075,-2.5,0.1851927231921402
297,21.0,0.001390999999784981,-3.1000000000000005,0.009281625252157033
298,18.0,0.001224999999976717,-2.8000000000000007,0.2682799973703811
299,32.0,0.002136999999947875,-4.200000000000001,-3.2498374580303135e-06
300,14.0,0.0010159999997085833,-2.4000000000000004,0.01851927231921402
301,10.0,0.0008579999998801213,-2.0,-3.2498374580303135e-07
302,21.0,0.001502000000073167,-3.1000000000000005,0.0659659714482086
303,23.0,0.0016789999999673455,-3.3000000000000007,0.04445865245450742
304,8.0,0.0006209999996826809,-1.7999999999999998,0.08931480587932317
305,35.0,0.0022759999997106206,-4.500000000000002,0.09217413734889401
306,11.0,0.0007740000000922009,-2.0999999999999996,0.1644999223889856
307,18.0,0.0012899999996989209,-2.8000000000000007,-0.83305
308,19.0,0.0012609999998858257,-2.9000000000000004,0.006596597144820748
309,61.0,0.0038739999999961583,-7.099999999999994,-0.8253550000000001
310,13.0,0.0009070000000974687,-2.3,0.08301214459876638
311,21.0,0.0014470000000983418,-3.1000000000000005,0.16342770861390643
312,14.0,0.0009660000000621949,-2.4000000000000004,-0.007939321992285198
313,62.0,0.0039999999999054126,-7.199999999999994,-0.4546373562229582
314,24.0,0.0015980000002855377,-3.400000000000001,-0.09999999999999998
315,32.0,0.0020939999999427528,-4.200000000000001,0.008301214459876638
316,12.0,0.0008179999999811116,-2.2,0.19266352021658317
317,21.0,0.0013699999999516876,-3.1000000000000005,0.1261347599203395
318,12.0,0.0008439999996880942,-2.2,0.1549338465320258
319,9.0,0.0006690000000162399,-1.9,0.0008301214459875972
320,35.0,0.0023160000000643777,-4.500000000000002,0.004445865245450653
321,53.0,0.003376000000116619,-6.299999999999997,0.05006256238406359
322,39.0,0.0025070000001505832,-4.900000000000002,0.005006256238406337
323,55.0,0.0034929999997075356,-6.4999999999999964,-0.5725614322312617
324,19.0,0.0012679999999818392,-2.9000000000000004,-0.6270615253860575
325,9.0,0.0006090000001677254,-1.9,0.28569499516557095
326,9.0,0.0006029999999555002,-1.9,0.18568816100442875
327,45.0,0.0028970000003027963,-5.5,-0.08759086222109569
328,14.0,0.0009589999999661813,-2.4000000000000004,-0.23240434186624426
329,6.0,0.0004239999998389976,-1.6,0.12587797248155663
330,29.0,0.0018939999999929569,-3.9000000000000012,-0.05725614322312611
331,15.0,0.0010160000001633307,-2.5,0.2931567730985123
332,37.0,0.00243399999999383,-4.700000000000002,0.08564863154152835
333,45.0,0.002930999999989581,-5.5,0.012587797248155619
334,8.0,0.0006060000000616128,-1.7999999999999998,0.001258779724815584
335,12.0,0.000849000000016531,-2.2,0.31073078104337326
336,26.0,0.001655999999911728,-3.600000000000001,0.0001258779724815362
337,129.0,0.008176000000275963,-13.89999999999997,0.30126137395496655
338,26.0,0.0016669999999976426,-3.600000000000001,-0.17218019211950086
339,19.0,0.0012620000002243614,-2.9000000000000004,0.11803585088424495
340,14.0,0.0009699999995973485,-2.4000000000000004,0.011803585088424384
341,12.0,0.0008470000002489542,-2.2,-0.02324043418662436
342,19.0,0.0012569999998959247,-2.9000000000000004,0.0011803585088423496
343,45.0,0.0028980000001865847,-5.5,0.06478111661423491
344,7.0,0.000551999999970576,-1.7,0.00011803585088432378
345,10.0,0.0007290000003195019,-2.0,0.12243376779269077
346,14.0,0.0009640000002946181,-2.4000000000000004,-0.007339600000000002
347,45.0,0.0029220000001259905,-5.5,-0.0007339600000000335
348,60.0,0.0038460000000668515,-6.999999999999995,0.2719530818734184
349,21.0,0.0014729999998053245,-3.1000000000000005,0.006478111661423425
350,37.0,0.0024429999998574203,-4.700000000000002,0.349605811325578
351,37.0,0.0023649999998269777,-4.700000000000002,-0.07564378127499993
352,14.0,0.0009469999999964784,-2.4000000000000004,0.3567937577900624
353,13.0,0.0009000000000014552,-2.3,0.048661836475439424
354,36.0,0.0022969999999986612,-4.600000000000001,0.35530748753012276
355,9.0,0.000665000000026339,-1.9,0.03567937577900615
356,15.0,0.0010200000001532317,-2.5,0.0035679375779005262
357,14.0,0.0009519999998701678,-2.4000000000000004,0.03553074875301232
358,11.0,0.0008120000002236338,-2.0999999999999996,0.0003567937577899638
359,9.0,0.0005919999998695857,-1.9,0.11073601471039929
360,41.0,0.0025880000002871384,-5.100000000000001,0.021798242810289192
361,43.0,0.003588000000036118,-5.300000000000001,-0.4982900736424767
362,15.0,0.0014360000000124273,-2.5,0.3738488146339827
363,5.0,0.0005799999998998828,-1.5,0.037384881463398134
364,15.0,0.0016180000002350425,-2.5,0.09105626556433388
365,30.0,0.0030459999998129206,-4.000000000000002,0.10682384960071656
366,10.0,0.001408999999966909,-2.0,-7.339600000000335e-05
367,9.0,0.001152000000274711,-1.9,-0.2514588104844486
368,29.0,0.0030959999999140564,-3.9000000000000012,-0.031017061462873752
369,12.0,0.0017130000001088774,-2.2,0.1128231211482631
370,29.0,0.003355999999712367,-3.9000000000000012,0.09782190611610786
371,14.0,0.002080000000205473,-2.4000000000000004,0.18629784510485803
372,19.0,0.0025120000000242726,-2.9000000000000004,0.0500601824171818
373,8.0,0.0016399999999521242,-1.7999999999999998,0.01128231211482622
374,10.0,0.0015800000001036096,-2.0,0.009782190611610897
375,21.0,0.00295300000016141,-3.1000000000000005,0.0866706513031148
376,8.0,0.0006579999999303254,-1.7999999999999998,0.13154473948951417
377,5.0,0.00044399999978850246,-1.5,0.12786960936196556
378,4.0,0.00037599999996018596,-1.4,0.012786960936196579
379,12.0,0.0008669999997437117,-2.2,0.005006018241718202
380,8.0,0.0007070000001476728,-1.7999999999999998,0.0005006018241717758
381,60.0,0.0038279999998849235,-6.999999999999995,-0.04265627002481531
382,5.0,0.0003609999998843705,-1.5,0.0011282312114826443
383,19.0,0.0012459999998100102,-2.9000000000000004,5.0060182417155374e-05
384,27.0,0.0017670000001999142,-3.700000000000001,0.22862859073707553
385,5.0,0.0003990000000158034,-1.5,0.12228232894262359
386,5.0,0.0004360000002634479,-1.5,0.022862859073707664
387,47.0,0.0030249999999796273,-5.699999999999999,-0.010000000000000009
388,10.0,0.0006560000001627486,-2.0,5.0060182417155374e-06
389,4.0,0.00030299999980343273,-1.4,0.09308828606692576
390,21.0,0.0013650000000779983,-3.1000000000000005,0.008667065130311569
391,12.0,0.0008590000002186571,-2.2,0.009308828606692465
392,21.0,0.0013559999997596606,-3.1000000000000005,-0.5227674439909988
393,20.0,0.0012799999999515421,-3.0000000000000004,-0.03104686104079124
394,12.0,0.0008359999997082923,-2.2,0.09050970890243693
395,10.0,0.0006479999997281993,-2.0,0.03261989834029011
396,15.0,0.0010019999999713036,-2.5,-0.46176948254482086
397,6.0,0.00048599999990983633,-1.6,0.012228232894262447
398,21.0,0.0014209999999366119,-3.1000000000000005,0.04340950073152561
399,21.0,0.0013450000001284934,-3.1000000000000005,0.09962845841529844
400,9.0,0.0005909999999857973,-1.9,-0.3990838375775526
401,10.0,0.0006849999999758438,-2.0,-0.2025341047074961
402,23.0,0.001467999999931635,-3.3000000000000007,-0.08949429728044989
403,6.0,0.000420000000303844,-1.6,-0.008949429728045022
404,90.0,0.005678999999872758,-6.999999999999984,2.09
405,31.0,0.0019949999996242695,-4.100000000000001,-0.0130912601091836
406,16.0,0.0011209999997845443,-2.6000000000000005,-0.001309126010918371
407,4.0,0.0003050000000257569,-1.4,-0.00013091260109188152
408,12.0,0.0008499999999003194,-2.2,0.1131656379571373
409,24.0,0.0016329999998561107,-3.400000000000001,0.10272861739009498
410,7.0,0.0005679999999301799,-1.7,0.10162760421755634
411,33.0,0.002238000000033935,-4.300000000000002,0.11312609758253878
412,12.0,0.0008330000000569271,-2.2,0.11834350278277861
413,15.0,0.001010000000405853,-2.5,-0.027071128603846528
414,8.0,0.0005760000003647292,-1.7999999999999998,-0.0027071128603846084
415,9.0,0.0005970000001980225,-1.9,0.010162760421755568
416,17.0,0.0011249999997744453,-2.7,-0.039908383757755184
417,31.0,0.002001999999720283,-4.100000000000001,0.004340950073152605
418,12.0,0.0008210000000872242,-2.2,0.05949223870673359
419,17.0,0.0011279999998805579,-2.7,0.011316563795713774
420,9.0,0.0005940000000919099,-1.9,0.34365858729578136
421,13.0,0.0009000000000014552,-2.3,0.010272861739009542
422,26.0,0.0018199999999524152,-3.600000000000001,0.03436585872957809
423,12.0,0.0007610000002387096,-2.2,0.17808390632313875
424,12.0,0.0008389999998144049,-2.2,0.051375002860153396
425,12.0,0.0008339999999407155,-2.2,0.08543061031768917
426,15.0,0.001029000000016822,-2.5,0.08836231747748191
427,15.0,0.0010309999997843988,-2.5,0.05289923956922982
428,11.0,0.0007879999998294807,-2.0999999999999996,0.10684896693232249
429,18.0,0.0011779999999816937,-2.8000000000000007,0.010684896693232249
430,11.0,0.0007749999999759893,-2.0999999999999996,0.10679450253710199
431,17.0,0.0011219999996683327,-2.7,0.10088462996832281
432,23.0,0.0014620000001741573,-3.3000000000000007,0.13880121621327168
433,10.0,0.0006460000004153699,-2.0,0.013880121621327124
434,12.0,0.0008360000001630397,-2.2,0.010679450253710199
435,6.0,0.0004940000003443856,-1.6,0.27909998994224394
436,15.0,0.001014999999824795,-2.5,0.010088462996832304
437,6.0,0.0004899999998997373,-1.6,0.21034478358964281
438,32.0,0.0020650000001296576,-4.200000000000001,0.2109757561924812
439,18.0,0.0011870000003000314,-2.8000000000000007,0.11382341059966317
440,48.0,0.0030810000002929883,-5.799999999999999,0.10296796478963488
441,7.0,0.0005320000000210712,-1.7,0.2707954379988753
442,46.0,0.002930999999989581,-5.6,0.06989272878795827
443,15.0,0.0010350000002290471,-2.5,0.26003513835611014
444,6.0,0.00041599999985919567,-1.6,0.0010684896693231583
445,10.0,0.0006490000000667351,-2.0,0.19305022540532746
446,4.0,0.0003050000000257569,-1.4,0.01930502254053268
447,14.0,0.0009530000002087036,-2.4000000000000004,0.006989272878795916
448,20.0,0.0012980000001334702,-3.0000000000000004,0.0664221748366467
449,45.0,0.0028750000001309672,-5.5,0.1028610649083257
450,14.0,0.0009660000000621949,-2.4000000000000004,0.00664221748366467
451,6.0,0.00042500000017753337,-1.6,0.2522117991545991
452,16.0,0.0011410000001887965,-2.6000000000000005,0.025221179915460024
453,29.0,0.0018610000001899607,-3.9000000000000012,-0.2859239633858055
454,6.0,0.0004940000003443856,-1.6,0.2258212219086193
455,85.0,0.005411000000094646,-9.499999999999986,0.21702778605342443
456,23.0,0.001502000000073167,-3.3000000000000007,-0.4052883232978661
457,6.0,0.0004229999999552092,-1.6,0.0025221179915460024
458,6.0,0.00042199999961667345,-1.6,0.18339028373033983
459,23.0,0.0014649999998255225,-3.3000000000000007,0.009170378054362605
460,12.0,0.0008390000002691522,-2.2,0.00025221179915457803
461,13.0,0.0009119999999711581,-2.3,0.0009170378054361716
462,42.0,0.0027300000001559965,-5.200000000000001,9.170378054368378e-05
463,25.0,0.0016319999999723223,-3.500000000000001,0.11354436176720029
464,15.0,0.0011170000002493907,-2.5,0.12211581100661673
465,24.0,0.0016319999999723223,-3.400000000000001,0.10197997757373578
466,11.0,0.0007890000001680164,-2.0999999999999996,0.012211581100661562
467,43.0,0.0027930000001106237,-5.300000000000001,0.16179024647504137
468,27.0,0.0017840000000433065,-3.700000000000001,0.016179024647504203
469,37.0,0.0023620000001756125,-4.700000000000002,0.0012211581100660673
470,14.0,0.0009579999996276456,-2.4000000000000004,0.20446911947646917
471,28.0,0.0018340000001444423,-3.800000000000001,0.00012211581100651792
472,16.0,0.0011349999999765714,-2.6000000000000005,0.3228814514365732
473,11.0,0.0008120000002236338,-2.0999999999999996,1.221158110054077e-05
474,39.0,0.002621999999973923,-4.900000000000002,0.13601897576944655
475,10.0,0.0007270000000971777,-2.0,0.1201436358493233
476,11.0,0.0007759999998597777,-2.0999999999999996,0.213276366302251
477,14.0,0.000954000000092492,-2.4000000000000004,0.16350783141703107
478,45.0,0.002933999999640946,-2.5,0.19999999999999996
479,17.0,0.001224999999976717,-2.7,0.08888120659903875
480,28.0,0.0018230000000585278,-3.800000000000001,1.221158109965259e-06
481,16.0,0.0010649999999259308,-2.6000000000000005,-0.008154549999999983
482,30.0,0.001955000000180007,-4.000000000000002,0.18889615633025048
483,8.0,0.0005850000002283195,-1.7999999999999998,0.01888961563302516
484,10.0,0.0007190000001173757,-2.0,-0.07426036959572357
485,12.0,0.0008379999999306165,-2.2,0.001888961563302427
486,13.0,0.0008920000000216532,-2.3,0.12017626887856747
487,17.0,0.001123999999890657,-2.7,0.10231537501919741
488,31.0,0.0020429999999578285,-4.100000000000001,1.2211581101873037e-07
489,32.0,0.0021980000001349254,-4.200000000000001,0.08296865339957571
490,20.0,0.0013049999997747364,-3.0000000000000004,0.165160501238526
491,43.0,0.0027849999996760744,-5.300000000000001,0.013716216175501561
492,9.0,0.0006739999998899293,-1.9,0.11688656036182876
493,23.0,0.0015309999998862622,-3.3000000000000007,0.011688656036182854
494,23.0,0.001524000000244996,-3.3000000000000007,-0.08240500000000006
495,12.0,0.0009079999999812571,-2.2,9.170378054257355e-06
496,32.0,0.002058000000033644,-4.200000000000001,0.06455170252098563
497,16.0,0.0010669999996935076,-2.6000000000000005,9.170378054701445e-07
498,27.0,0.0035859999998137937,-3.700000000000001,-0.02764855941703437
499,12.0,0.0015170000001489825,-2.2,0.10835372318362646
500,20.0,0.0030770000003030873,-3.0000000000000004,-0.20723528676812297
501,12.0,0.0013699999999516876,-2.2,0.045862564807387374
502,27.0,0.0026920000000245636,-3.700000000000001,0.25220525944551886
503,10.0,0.0009860000000116997,-2.0,0.02522052594455193
504,82.0,0.009368999999878724,-9.199999999999987,0.0025220525944551486
505,12.0,0.002543000000059692,-2.2,0.010835372318362735
506,11.0,0.0013439999997899577,-2.0999999999999996,0.0010835372318362957
507,8.0,0.000901999999769032,-1.7999999999999998,0.26478682979815193
508,6.0,0.0005969999997432751,-1.6,0.38589604738027594
509,44.0,0.005917999999837775,-5.4,0.00010835372318362957
510,17.0,0.001896000000215281,-2.7,-0.052276744399099795
511,15.0,0.0010699999997996201,-2.5,-0.06373647928914461
512,49.0,0.00363100000004124,-5.899999999999999,0.22249985070257083
513,29.0,0.0018710000003920868,-3.9000000000000012,-0.46096016894425795
514,8.0,0.0005419999997684499,-1.7999999999999998,0.3403750923794231
515,24.0,0.0018270000000484288,-3.400000000000001,0.007022319620741735
516,22.0,0.001471999999921536,-3.2000000000000006,0.2996879785486324
517,8.0,0.0005420000002231973,-1.7999999999999998,0.034037509237942354
518,20.0,0.0016129999999066058,-3.0000000000000004,0.029968797854863283
519,44.0,0.0029669999998986896,-5.4,0.003403750923794302
520,50.0,0.0033670000002530287,-5.999999999999998,0.012014363584932353
521,36.0,0.0023259999998117564,-4.600000000000001,0.2884653945819109
522,7.0,0.00048199999991993536,-1.7,0.3841682826299997
523,16.0,0.0010740000002442684,-2.6000000000000005,0.028846539458191156
524,21.0,0.0014280000000326254,-3.1000000000000005,0.0012014363584933463
525,10.0,0.0007250000003296009,-2.0,0.08981195376948925
526,42.0,0.0027289999998174608,-5.200000000000001,0.16572921496243942
527,6.0,0.00042199999961667345,-1.6,0.13342395584293287
528,21.0,0.0014989999999670545,-3.1000000000000005,0.01657292149624401
529,29.0,0.0018709999999373395,-3.9000000000000012,0.09992521956744338
530,11.0,0.0007089999999152496,-2.0999999999999996,0.013342395584293287
531,11.0,0.0007750000004307367,-2.0999999999999996,0.0013342395584292621
532,10.0,0.0007300000002032903,-2.0,0.3224716556891649
533,47.0,0.0032049999999799184,-5.699999999999999,0.009992521956744271
534,20.0,0.001326000000062777,-3.0000000000000004,0.0932928789872407
535,10.0,0.0006630000002587622,-2.0,0.0001334239558428152
536,24.0,0.0015720000001238077,-3.400000000000001,-0.019350371710112113
537,13.0,0.0009039999999913562,-2.3,-0.24141643039017557
538,11.0,0.00079299999970317,-2.0999999999999996,0.10253628907422097
539,8.0,0.0005430000001069857,-1.7999999999999998,0.13829054400650387
540,8.0,0.0005370000003495079,-1.7999999999999998,0.1672574329675387
541,12.0,0.0007769999997435661,-2.2,0.016725743296753803
542,24.0,0.0016319999999723223,-3.400000000000001,0.0016725743296754914
543,14.0,0.0009589999999661813,-2.4000000000000004,-0.02514588104844484
544,7.0,0.0005229999997027335,-1.7,-0.025998326190196375
545,48.0,0.003256999999848631,-5.799999999999999,0.10759842794031993
546,64.0,0.004337999999734166,-4.399999999999993,0.6004113035719616
547,7.0,0.0005120000000715663,-1.7,0.010759842794032082
548,26.0,0.001720000000204891,-3.600000000000001,0.3185986410582975
549,22.0,0.001528000000234897,-3.2000000000000006,0.15092821632626574
550,9.0,0.0006640000001425506,-1.9,0.25178207799548225
551,56.0,0.0035850000003847526,-6.599999999999996,0.2885271328338266
552,25.0,0.0016510000000380387,-3.500000000000001,0.09643140674595574
553,40.0,0.002668999999968946,-5.000000000000002,0.019552104115903024
554,34.0,0.0021780000001854205,-4.400000000000002,0.02885271328338268
555,42.0,0.002692999999908352,-2.200000000000001,0.46958680725193136
556,26.0,0.0017669999997451669,-3.600000000000001,0.30834705052934597
557,22.0,0.0015379999999822758,-3.2000000000000006,-0.3537386392727888
558,98.0,0.006147000000055414,-10.799999999999981,-0.23627966067453365
559,17.0,0.0011269999999967695,-2.7,0.34551735932258376
560,21.0,0.0014470000000983418,-3.1000000000000005,0.26578446774751563
561,38.0,0.002563000000009197,-4.8000000000000025,0.07948391162533919
562,23.0,0.0015760000001137087,-3.3000000000000007,0.007948391162533985
563,19.0,0.0013109999999869615,-2.9000000000000004,0.34351491036360193
564,11.0,0.0007780000000821019,-2.0999999999999996,0.13608739758945143
565,17.0,0.0011329999997542473,-2.7,0.03435149103636026
566,10.0,0.0006510000002890592,-2.0,0.1334104536516867
567,32.0,0.0020629999999073334,-4.200000000000001,0.099421503023291
568,13.0,0.0008920000000216532,-2.3,0.013341045365168558
569,133.0,0.008355999999821506,-14.299999999999969,-0.008952236185219564
570,104.0,0.00649199999998018,-11.399999999999979,-0.6842170166180339
571,15.0,0.0009709999999358843,-2.5,0.180056691630623
572,23.0,0.0015790000002198212,-3.3000000000000007,0.37635806943678496
573,32.0,0.002100000000154978,-4.200000000000001,-0.47661133901390507
574,67.0,0.0043049999999311694,-7.699999999999992,-1.491693300944816
575,24.0,0.0016779999996288097,-3.400000000000001,0.3673058363283046
576,35.0,0.0023150000001805893,-4.500000000000002,0.18887724890755297
577,33.0,0.002136999999947875,-4.300000000000002,0.34326829053732766
578,10.0,0.0007210000003396999,-2.0,0.034326829053732855
579,5.0,0.0003600000000005821,-1.5,0.003432682905373241
580,13.0,0.0008960000000115542,-2.3,-0.045463735622295776
581,10.0,0.0007230000001072767,-2.0,0.3035283981796504
582,23.0,0.0016000000000531145,-3.3000000000000007,-0.3497199841529923
583,39.0,0.0026149999998779094,-4.900000000000002,0.018887724890755297
584,11.0,0.0007789999999658903,-2.0999999999999996,-0.2585371977898224
585,152.0,0.009864999999990687,-16.19999999999996,-0.024141643039017557
586,9.0,0.000699999999596912,-1.9,0.4163195648342579
587,13.0,0.0009089999998650455,-2.3,0.26152151376223065
588,34.0,0.0022899999999026477,-4.400000000000002,0.0429656144770032
589,67.0,0.004233000000112952,-7.699999999999992,0.10555225968896864
590,39.0,0.0027500000001055014,-4.900000000000002,0.3172791830525794
591,17.0,0.0011169999997946434,-2.7,0.3434191415589576
592,57.0,0.00377200000002631,-6.699999999999996,0.20195855397737694
593,32.0,0.00208199999997305,-4.200000000000001,0.38270818852523036
594,4.0,0.0003710000000864966,-1.4,0.038270818852522925
595,16.0,0.0010940000001937733,-2.6000000000000005,0.21699647598527694
596,22.0,0.001475999999911437,-3.2000000000000006,0.010555225968896798
597,7.0,0.0006459999999606225,-1.7,0.10645631628882235
598,31.0,0.0020569999996951083,-4.100000000000001,0.0018887724890754853
599,23.0,0.0015570000000479922,-3.3000000000000007,0.2956408966366957
600,11.0,0.0007900000000518048,-2.0999999999999996,0.12290511278110872
601,18.0,0.0014770000002499728,-2.8000000000000007,0.13600411474082574
602,16.0,0.0021030000002610905,-2.6000000000000005,0.013600411474082641
603,18.0,0.0022149999999783176,-2.8000000000000007,0.16317225928363488
604,14.0,0.0023059999998622516,-2.4000000000000004,0.2536082531267183
605,10.0,0.0014989999999670545,-2.0,0.18881953621649106
606,26.0,0.0027180000001862936,-3.600000000000001,0.018881953621649128
607,7.0,0.0009420000001227891,-1.7,0.012290511278110872
608,17.0,0.0020260000001144363,-2.7,0.0012290511278110205
609,12.0,0.0010780000002341694,-2.2,0.00012290511278112426
610,8.0,0.0007949999999254942,-1.7999999999999998,0.21095780050994262
611,15.0,0.0014520000004267786,-2.5,0.23481652860251678
612,29.0,0.002688999999918451,-3.9000000000000012,0.22228225491586562
613,13.0,0.0013199999998505518,-2.3,0.0010555225968897908
614,33.0,0.0035899999998036947,-4.300000000000002,-0.02362796606745332
615,24.0,0.0034499999997024133,-3.400000000000001,0.0018881953621650016
616,24.0,0.0026760000000649597,-3.400000000000001,0.052663454444703106
617,10.0,0.0007259999997586419,-2.0,0.2550619646394081
618,25.0,0.0017450000000280852,-3.500000000000001,0.0255061964639407
619,9.0,0.0007089999999152496,-1.9,0.005266345444470355
620,34.0,0.0022930000000087603,-4.400000000000002,0.1301317583095445
621,12.0,0.0008480000001327426,-2.2,0.0025506196463940256
622,4.0,0.0003820000001724111,-1.4,0.00025506196463931374
623,11.0,0.0008029999999052961,-2.0999999999999996,0.09593042912184813
624,19.0,0.0013530000001082954,-2.9000000000000004,0.12936868218520536
625,15.0,0.0010379999998804124,-2.5,0.1701828211725256
626,28.0,0.0018110000000888249,-3.800000000000001,0.22132978321747365
627,27.0,0.0018369999997958075,-3.700000000000001,0.3437103448312182
628,18.0,0.0012199999996482802,-2.8000000000000007,0.46211209004368814
629,4.0,0.00031900000021778396,-1.4,0.03437103448312184
630,26.0,0.001694000000043161,-3.600000000000001,0.08360774382015812
631,16.0,0.0010970000002998859,-2.6000000000000005,0.1801606328852836
632,7.0,0.0005630000000564905,-1.7,0.16078317469188308
633,9.0,0.0006849999999758438,-1.9,0.16529617343954817
634,36.0,0.0023949999999786087,-4.600000000000001,0.12099891202988311
635,11.0,0.0008060000000114087,-2.0999999999999996,0.012099891202988378
636,5.0,0.00037300000030882074,-1.5,0.09459813957506613
637,22.0,0.0015490000000681903,-3.2000000000000006,0.10703109011610801
638,15.0,0.0010869999996430124,-2.5,0.13770776258398199
639,23.0,0.0015699999999014835,-3.3000000000000007,-0.02106468563669439
640,60.0,0.003999000000021624,-6.999999999999995,0.2066937029756104
641,5.0,0.0004490000001169392,-1.5,0.1471105906055028
642,12.0,0.00084500000002663,-2.2,0.020669370297561107
643,9.0,0.0006010000001879234,-1.9,0.0012099891202987934
644,20.0,0.001314000000093074,-3.0000000000000004,0.009459813957506613
645,6.0,0.00048100000003614696,-1.6,0.0009459813957506391
646,54.0,0.0035670000002028246,-6.399999999999997,0.17887165721748377
647,12.0,0.00084500000002663,-2.2,0.1771151669658657
648,12.0,0.0008040000002438319,-2.2,0.01771151669658666
649,13.0,0.000897999999779131,-2.3,0.0017711516696585772
650,34.0,0.002191000000038912,-4.400000000000002,0.010703109011610756
651,41.0,0.0026670000002013694,-5.100000000000001,0.008360774382015768
652,23.0,0.0015590000002703164,-3.3000000000000007,0.3080495448318179
653,11.0,0.0007789999999658903,-2.0999999999999996,0.3452894834937865
654,15.0,0.001018999999814696,-2.5,0.2844625826841136
655,60.0,0.0038620000000264554,-6.999999999999995,0.168757510068283
656,31.0,0.0020089999998162966,-4.100000000000001,0.01788716572174831
657,44.0,0.0028489999999692373,-5.4,0.3328079242748945
658,6.0,0.0004220000000714208,-1.6,0.345300634383384
659,28.0,0.001787000000149419,-3.800000000000001,0.030804954483181657
660,17.0,0.0011450000001786975,-2.7,0.03453006343833831
661,17.0,0.0011819999999715947,-2.7,0.08944843602968122
662,23.0,0.0015539999999418797,-3.3000000000000007,0.000997816857932321
663,19.0,0.001255000000128348,-2.9000000000000004,0.1266645420380752
664,45.0,0.0029300000001057924,-5.5,0.01266645420380752
665,15.0,0.0010179999999309075,-2.5,0.1924955014581995
666,29.0,0.0018909999998868443,-3.9000000000000012,0.001788716572174831
667,22.0,0.0014260000002650486,-3.2000000000000006,0.25579392425666936
668,61.0,0.0038909999998395506,-7.099999999999994,0.0012666454203806854
669,18.0,0.0012220000003253517,-2.8000000000000007,0.016875751006828255
670,28.0,0.0018489999997655104,-3.800000000000001,0.15574237320023032
671,51.0,0.003232999999909225,-6.099999999999998,0.2549980804219485
672,15.0,0.001014999999824795,-2.5,0.02549980804219487
673,11.0,0.0007759999998597777,-2.0999999999999996,0.4120520966517496
674,19.0,0.0012489999999161228,-2.9000000000000004,0.31793339230021256
675,15.0,0.0010119999997186824,-2.5,0.08813813542317361
676,34.0,0.0021769999998468847,-4.400000000000002,0.19554378983284804
677,7.0,0.000551999999970576,-1.7,0.04511612052398939
678,29.0,0.0019110000002910965,-3.9000000000000012,0.0025499808042195315
679,41.0,0.002599999999802094,-5.100000000000001,-0.0027648559417033924
680,5.0,0.00036599999975805986,-1.5,0.4178941477318414
681,27.0,0.0017079999997804407,-3.700000000000001,0.053417191932913166
682,21.0,0.0013579999999819847,-3.1000000000000005,0.00025499808042184213
683,8.0,0.0005390000001170847,-1.7999999999999998,0.31978348454812533
684,19.0,0.0012520000000222353,-2.9000000000000004,0.09085599587124693
685,6.0,0.0004920000001220615,-1.6,0.12109930066434238
686,15.0,0.0010259999999107094,-2.5,0.12968635835792441
687,7.0,0.00048500000002604793,-1.7,0.1467201432096914
688,18.0,0.0011920000001737208,-2.8000000000000007,0.11135849531879294
689,15.0,0.0010260000003654568,-2.5,0.01296863583579233
690,11.0,0.0007909999999355932,-2.0999999999999996,0.011135849531879405
691,38.0,0.0024650000000292493,-4.8000000000000025,0.13028904998778756
692,5.0,0.0003609999998843705,-1.5,0.20069468202160445
693,20.0,0.0013089999997646373,-3.0000000000000004,0.10380981369320419
694,26.0,0.0016669999999976426,-3.600000000000001,0.186756193012088
695,14.0,0.0009539999996377446,-2.4000000000000004,0.09599069879681332
696,14.0,0.0009780000000318978,-2.4000000000000004,0.054972943366864424
697,10.0,0.0006899999998495332,-2.0,0.19405417298827188
698,10.0,0.0006459999999606225,-2.0,0.01038098136932053
699,22.0,0.0014209999999366119,-3.2000000000000006,0.0010380981369320086
700,62.0,0.003965999999763881,-7.199999999999994,0.07800382147974583
701,18.0,0.0012019999999210995,-2.8000000000000007,0.005497294336686442
702,56.0,0.003606999999647087,-6.599999999999996,0.40018402662981223
703,17.0,0.0012099999999009015,-2.7,0.2456841394181044
704,9.0,0.0006140000000414148,-1.9,0.13184711770395663
705,21.0,0.0013910000002397283,-3.1000000000000005,0.25707888617083907
706,11.0,0.0007310000000870787,-2.0999999999999996,0.02006946820216049
707,28.0,0.0018730000001596636,-3.800000000000001,0.12943232010220318
708,24.0,0.001621000000341155,-3.400000000000001,0.14684684587790375
709,35.0,0.0023179999998319545,-4.500000000000002,0.1744149052220263
710,21.0,0.0013940000003458408,-3.1000000000000005,0.02456841394181053
711,8.0,0.0005460000002130982,-1.7999999999999998,0.017441490522202674
712,13.0,0.0009219999997185369,-2.3,0.19136834910501377
713,10.0,0.0007470000000466825,-2.0,0.009599069879681288
714,8.0,0.0006319999997685954,-1.7999999999999998,0.06732446509728751
715,13.0,0.0009390000000166765,-2.3,0.019136834910501443
716,18.0,0.0012039999996886763,-2.8000000000000007,0.0019136834910500333
717,9.0,0.0006379999999808206,-1.9,0.07182454366843571
718,23.0,0.001554999999825668,-3.3000000000000007,0.528368549152759
719,18.0,0.001209000000017113,-2.8000000000000007,0.0009599069879682176
720,17.0,0.0011920000001737208,-2.7,0.08987442725869244
721,7.0,0.000525999999808846,-1.7,0.008987442725869155
722,8.0,0.0006029999999555002,-1.7999999999999998,0.006732446509728707
723,16.0,0.0010680000000320433,-2.6000000000000005,-0.004546373562229533
724,8.0,0.0005810000002384186,-1.7999999999999998,0.07050076832298924
725,19.0,0.0012820000001738663,-2.9000000000000004,0.11886328693824266
726,4.0,0.00040399999988949276,-1.4,0.10240467181568258
727,15.0,0.0010280000001330336,-2.5,0.05756500439244028
728,14.0,0.0009679999998297717,-2.4000000000000004,0.019405417298827166
729,7.0,0.000551999999970576,-1.7,0.0019405417298827832
730,15.0,0.0010310000002391462,-2.5,0.00019405417298834493
731,15.0,0.0010529999999562278,-2.5,0.14076033897961193
732,10.0,0.0007489999998142594,-2.0,0.056857959210640185
733,21.0,0.0016220000002249435,-3.1000000000000005,0.2538762074548646
734,13.0,0.0011160000003656023,-2.3,0.28857314043555826
735,18.0,0.002029000000220549,-2.8000000000000007,0.1011807962621254
736,7.0,0.0006759999996575061,-1.7,0.23921688186542345
737,8.0,0.0009159999999610591,-1.7999999999999998,0.20254297912484232
738,16.0,0.0021030000002610905,-2.6000000000000005,0.24894613579535463
739,16.0,0.0014109999997344858,-2.6000000000000005,0.12313164022625789
740,10.0,0.001130000000102882,-2.0,0.023921688186542278
741,15.0,0.0020089999998162966,-2.5,0.012313164022625722
742,14.0,0.0016610000002401648,-2.4000000000000004,0.13872995613840367
743,12.0,0.001821000000290951,-2.2,0.1814385074046292
744,9.0,0.0010169999995923718,-1.9,0.02025429791248423
745,11.0,0.001930999999785854,-2.0999999999999996,0.005756500439244139
746,10.0,0.0010539999998400162,-2.0,0.002025429791248534
747,15.0,0.0016350000000784348,-2.5,0.014684684587790375
748,25.0,0.0021769999998468847,-3.500000000000001,0.05761297032695323
749,18.0,0.0019940000001952285,-2.8000000000000007,0.2231003923242083
750,45.0,0.004798000000391767,-5.5,0.2044905215429158
751,11.0,0.0009519999998701678,-2.0999999999999996,0.005761297032695234
752,22.0,0.0014550000000781438,-3.2000000000000006,0.0005497294336687109
753,6.0,0.0004320000002735469,-1.6,0.13405231866669753
754,7.0,0.0005249999999250576,-1.7,0.013872995613840367
755,12.0,0.0008520000001226435,-2.2,0.2025898366525365
756,20.0,0.0013229999999566644,-3.0000000000000004,0.16704536318754037
757,23.0,0.001494000000093365,-3.3000000000000007,0.00057612970326959
758,4.0,0.00043199999981879955,-1.4,0.23284446228618405
759,5.0,0.00045899999986431794,-1.5,0.3021872434880355
760,20.0,0.0014460000002145534,-3.0000000000000004,-0.0024141643039017335
761,12.0,0.0008789999997134146,-2.2,0.13723629728330566
762,8.0,0.00061699999969278,-1.7999999999999998,0.2017769416610844
763,35.0,0.0023769999997966806,-4.500000000000002,0.020177694166108484
764,28.0,0.0019240000001445878,-3.800000000000001,-0.005227674439910013
765,18.0,0.0012329999999565189,-2.8000000000000007,0.19498645765348366
766,22.0,0.0015309999998862622,-3.2000000000000006,0.046824120124362656
767,8.0,0.0006260000000111177,-1.7999999999999998,0.013723629728330522
768,6.0,0.000503000000207976,-1.6,0.20970356232612164
769,48.0,0.003163000000313332,-5.799999999999999,0.1102942567259304
770,14.0,0.0009850000001279113,-2.4000000000000004,0.3455445120789815
771,6.0,0.000503000000207976,-1.6,0.03455445120789813
772,8.0,0.0006260000000111177,-1.7999999999999998,0.06362120670590765
773,9.0,0.000683000000208267,-1.9,0.09425947431891712
774,29.0,0.0019210000000384753,-3.9000000000000012,0.006362120670590832
775,9.0,0.0007040000000415603,-1.9,0.04575134685902871
776,12.0,0.0008600000001024455,-2.2,0.19079113401342784
777,7.0,0.0005670000000463915,-1.7,0.2076454615839396
778,12.0,0.0008600000001024455,-2.2,0.09230155165346954
779,9.0,0.0006100000000515138,-1.9,0.01907911340134283
780,7.0,0.0004940000003443856,-1.7,0.08225165339644436
781,12.0,0.0008219999999710126,-2.2,0.008225165339644347
782,15.0,0.0010299999999006104,-2.5,0.0019079113401343495
783,14.0,0.0009770000001481094,-2.4000000000000004,0.17362282119578776
784,22.0,0.0014860000001135631,-3.2000000000000006,0.009230155165346865
785,26.0,0.001787000000149419,-3.600000000000001,0.00019079113401332393
786,19.0,0.001287999999931344,-2.9000000000000004,0.0008225165339643681
787,19.0,0.0013479999997798586,-2.9000000000000004,-0.0004546373562229755
788,25.0,0.001671999999871332,-3.500000000000001,0.09910346921935353
789,14.0,0.0009829999999055872,-2.4000000000000004,0.09089855354192533
790,19.0,0.0013830000002599263,-2.9000000000000004,0.1047454338830458
791,25.0,0.00173899999981586,-3.500000000000001,0.1750931993618352
792,21.0,0.001494000000093365,-3.1000000000000005,-0.4206392783926213
793,5.0,0.0005019999998694402,-1.5,0.017509319936183543
794,15.0,0.0014169999999467109,-2.5,0.11301383419505595
795,18.0,0.0012440000000424334,-2.8000000000000007,0.011301383419505484
796,21.0,0.0014369999998962157,-3.1000000000000005,0.2307256709503156
797,14.0,0.001002999999855092,-2.4000000000000004,0.0011301383419506372
798,19.0,0.001536000000214699,-2.9000000000000004,0.18167881073789904
799,8.0,0.0006210000001374283,-1.7999999999999998,0.2222831724651293
800,10.0,0.000739999999950669,-2.0,0.2638553663384495
801,32.0,0.0022280000002865563,-4.200000000000001,0.022228317246512974
802,7.0,0.0004899999998997373,-1.7,0.31019875345849557
803,5.0,0.0003729999998540734,-1.5,0.03101987534584949
804,19.0,0.0012749999996231054,-2.9000000000000004,0.1710274468024906
805,6.0,0.00043099999993501115,-1.6,0.0031019875345850156
806,24.0,0.0016309999996337865,-3.400000000000001,0.0022228317246513196
807,4.0,0.0003189999997630366,-1.4,0.00031019875345839054
808,44.0,0.0029119999999238644,-5.4,-2.1389949999999995
809,15.0,0.0010440000000926375,-2.5,0.2268003555635456
810,15.0,0.0010349999997742998,-2.5,0.12259825542478153
811,11.0,0.0008169999996425759,-2.0999999999999996,0.20826263716196758
812,4.0,0.0003100000003541936,-1.4,0.012259825542478175
813,32.0,0.002122000000326807,-4.200000000000001,0.2880100730596815
814,18.0,0.0013349999999263673,-2.8000000000000007,0.10696907316576443
815,8.0,0.0006230000003597524,-1.7999999999999998,0.02880100730596813
816,8.0,0.000612999999702879,-1.7999999999999998,0.12632467706163997
817,10.0,0.0007409999998344574,-2.0,0.10801763219507543
818,10.0,0.0007369999998445564,-2.0,0.21509897822963064
819,16.0,0.001089000000320084,-2.6000000000000005,0.10198551797780242
820,15.0,0.0010390000002189481,-2.5,0.010801763219507432
821,16.0,0.0010889999998653366,-2.6000000000000005,0.34842288009568523
822,11.0,0.0007980000000316068,-2.0999999999999996,0.00011301383419515254
823,8.0,0.000612999999702879,-1.7999999999999998,0.034842288009568456
824,4.0,0.00038099999983387534,-1.4,0.00348422880095689
825,6.0,0.0004979999998795392,-1.6,0.0003484228800956224
826,11.0,0.0007890000001680164,-2.0999999999999996,0.09767411122537117
827,12.0,0.0008640000000923465,-2.2,0.18808263867851993
828,4.0,0.000315000000227883,-1.4,0.3672769940163645
829,4.0,0.0003830000000561995,-1.4,0.14001394534176503
830,24.0,0.0016310000000885339,-3.400000000000001,0.03672769940163656
831,10.0,0.0007409999998344574,-2.0,0.010198551797780286
832,25.0,0.0016840000002957822,-3.500000000000001,0.2290121564632701
833,11.0,0.0007209999998849526,-2.0999999999999996,0.12025311926355786
834,36.0,0.0023479999999835854,-4.600000000000001,0.014900836273534113
835,9.0,0.0006140000000414148,-1.9,0.09807026744511838
836,6.0,0.00042800000028364593,-1.6,0.14375508617867072
837,24.0,0.0015410000000883883,-3.400000000000001,9.978168579327651e-05
838,14.0,0.0009749999999257852,-2.4000000000000004,0.22854934776981506
839,11.0,0.000796999999693071,-2.0999999999999996,0.012025311926355808
840,18.0,0.0012760000004163885,-2.8000000000000007,0.09320533974693035
841,17.0,0.0011639999997896666,-2.7,0.0012025311926355808
842,12.0,0.0008389999998144049,-2.2,0.08804294410753521
843,14.0,0.0009820000000217988,-2.4000000000000004,0.0001202531192636691
844,6.0,0.0004969999999957508,-1.6,0.008804294410753588
845,19.0,0.0013430000003609166,-2.9000000000000004,0.17728847991989216
846,15.0,0.0010339999998905114,-2.5,0.1477059571370689
847,6.0,0.0004239999998389976,-1.6,0.29515971627096493
848,15.0,0.0010489999999663269,-2.5,0.35061918461204233
849,16.0,0.0010870000000977598,-2.6000000000000005,0.03506191846120421
850,7.0,0.0004989999997633277,-1.7,0.01772884799198926
851,48.0,0.0033249999996769475,-5.799999999999999,1.2025311926455728e-05
852,15.0,0.0010309999997843988,-2.5,0.11664037126734006
853,6.0,0.000428999999712687,-1.6,1.2025311926233684e-06
854,37.0,0.002393000000211032,-4.700000000000002,0.011664037126734028
855,34.0,0.0022129999997559935,-4.400000000000002,0.09502632381653142
856,4.0,0.00037400000019260915,-1.4,0.2247408957438275
857,56.0,0.003648999999768421,-6.599999999999996,0.17219626835614754
858,21.0,0.001479999999901338,-3.1000000000000005,0.0954235736510407
859,10.0,0.0007319999999708671,-2.0,0.23174173140437215
860,69.0,0.004539000000022497,-7.8999999999999915,0.1060712256964218
861,27.0,0.0018079999999827123,-3.700000000000001,0.009320533974693124
862,7.0,0.000555999999960477,-1.7,0.3247613895129644
863,16.0,0.001126000000112981,-2.6000000000000005,0.009542357365104115
864,17.0,0.001182999999855383,-2.7,0.1442648980302803
865,7.0,0.0004909999997835257,-1.7,0.08924901503884253
866,18.0,0.001228999999966618,-2.8000000000000007,0.3201863681638448
867,24.0,0.0015830000002097222,-3.400000000000001,0.12425993983088235
868,7.0,0.000551999999970576,-1.7,0.0009542357365104337
869,12.0,0.0008579999998801213,-2.2,0.09993594993870802
870,25.0,0.0016310000000885339,-3.500000000000001,0.23430964991042758
871,7.0,0.0004969999999957508,-1.7,0.1721016163457214
872,22.0,0.0014420000002246525,-3.2000000000000006,0.17047651945362619
873,8.0,0.0005430000001069857,-1.7999999999999998,0.20099487007330286
874,17.0,0.001142000000072585,-2.7,0.11537217177224535
875,42.0,0.0026569999999992433,-5.200000000000001,0.10347342965805906
876,44.0,0.002733000000262109,-5.4,0.17547792499635695
877,28.0,0.0017189999998663552,-3.800000000000001,0.011537217177224557
878,30.0,0.001878000000033353,-4.000000000000002,0.010347342965805861
879,18.0,0.0011540000000422879,-2.8000000000000007,0.017547792499635673
880,10.0,0.000638999999864609,-2.0,0.2054729898488703
881,26.0,0.0015829999997549749,-3.600000000000001,0.12024041309956646
882,34.0,0.002322000000276603,-4.400000000000002,9.542357365099896e-05
883,13.0,0.0013680000001841108,-2.3,0.12737594994736834
884,11.0,0.0011620000000220898,-2.0999999999999996,0.16883364315538785
885,8.0,0.0009140000001934823,-1.7999999999999998,0.012737594994736812
886,17.0,0.0016609999997854175,-2.7,-0.25913480116637566
887,11.0,0.0008859999998094281,-2.0999999999999996,0.0010347342965806305
888,20.0,0.002296000000114873,-3.0000000000000004,0.19001912546662125
889,9.0,0.0009170000002995948,-1.9,0.01900191254666206
890,44.0,0.0059569999998529966,-5.4,0.1077324583293362
891,10.0,0.0014229999997041887,-2.0,0.2949428834671617
892,13.0,0.001205000000027212,-2.3,0.02949428834671619
893,6.0,0.0010990000000674627,-1.6,0.0029494288346716413
894,17.0,0.002519000000120286,-2.7,0.27700388730752823
895,45.0,0.004805000000033033,-5.5,-0.31467072466873014
896,29.0,0.0028449999999793363,-3.9000000000000012,0.12916557287701935
897,18.0,0.001209000000017113,-2.8000000000000007,0.2617045931056794
898,13.0,0.0008539999998902204,-2.3,0.01688336431553883
899,11.0,0.000766000000112399,-2.0999999999999996,0.02617045931056783
900,54.0,0.0032910000004449103,-3.399999999999997,1.035186100234443
901,31.0,0.002128999999968073,-4.100000000000001,0.11222420533823074
902,8.0,0.000511999999616819,-1.7999999999999998,0.011222420533823163
903,6.0,0.00040000000035433914,-1.6,0.001122242053382294
904,35.0,0.002175000000079308,-4.500000000000002,0.16503152812513644
905,11.0,0.0007319999999708671,-2.0999999999999996,0.04723955463513896
906,20.0,0.0012629999996534025,-3.0000000000000004,0.32154116366302987
907,15.0,0.0009749999999257852,-2.5,0.20758866917386665
908,8.0,0.0005770000002485176,-1.7999999999999998,0.17237287552571012
909,10.0,0.000679000000218366,-2.0,-0.1764112466345159
910,12.0,0.0008499999999003194,-2.2,0.09972043798132169
911,22.0,0.0013810000000376021,-3.2000000000000006,-0.1998181240452973
912,11.0,0.000735999999960768,-2.0999999999999996,0.009972043798132102
913,33.0,0.00210800000013478,-4.300000000000002,0.1740468440048919
914,12.0,0.0008039999997890845,-2.2,0.4369995128061621
915,45.0,0.0028250000000298314,-5.5,0.20589594898591446
916,48.0,0.0029169999997975538,-5.799999999999999,0.20561025129813149
917,45.0,0.0027609999997366685,-5.5,-0.019981812404529675
918,11.0,0.000735999999960768,-2.0999999999999996,0.40875076299912405
919,17.0,0.0010830000001078588,-2.7,0.0009972043798132102
920,12.0,0.0007339999997384439,-2.2,0.02056102512981317
921,25.0,0.0015889999999672,-3.500000000000001,0.14970376918453598
922,30.0,0.001959999999598949,-4.000000000000002,0.04326667030319853
923,6.0,0.0004949999997734267,-1.6,9.972043798134322e-05
924,69.0,0.004456000000118365,-7.8999999999999915,9.972043798045505e-06
925,17.0,0.001138000000082684,-2.7,0.04087507629991238
926,26.0,0.0016319999999723223,-3.600000000000001,0.12829355512614393
927,19.0,0.0012499999997999112,-2.9000000000000004,9.97204379737937e-07
928,6.0,0.00045300000010684016,-1.6,0.4846576218775156
929,26.0,0.0017139999999926658,-3.600000000000001,0.12993608687098757
930,11.0,0.0007290000003195019,-2.0999999999999996,0.07669417076137197
931,16.0,0.0010689999999158317,-2.6000000000000005,0.38667260147537164
932,18.0,0.0011839999997391715,-2.8000000000000007,0.3636182499659375
933,16.0,0.0010710000001381559,-2.6000000000000005,0.07918335038407043
934,11.0,0.0007749999999759893,-2.0999999999999996,0.020589594898591468
935,29.0,0.0018549999999777356,-3.9000000000000012,9.972043790718033e-08
936,22.0,0.0014179999998304993,-3.2000000000000006,0.2437983100952743
937,9.0,0.0006010000001879234,-1.9,0.15728682914341174
938,10.0,0.0007230000001072767,-2.0,0.015728682914341263
939,9.0,0.0006659999999101274,-1.9,0.0015728682914342151
940,30.0,0.0019579999998313724,-4.000000000000002,0.403642461785898
941,32.0,0.0020709999998871353,-4.200000000000001,0.0500812385330609
942,10.0,0.0007230000001072767,-2.0,9.972043857331414e-09
943,18.0,0.0011929999996027618,-2.8000000000000007,0.09990389100980734
944,16.0,0.0010749999996733095,-2.6000000000000005,0.3137842627231622
945,8.0,0.0006120000002738379,-1.7999999999999998,0.024379831009527342
946,20.0,0.0013810000000376021,-3.0000000000000004,0.1872415538753156
947,6.0,0.0004890000000159489,-1.6,0.0024379831009526676
948,81.0,0.005121000000144704,-9.099999999999987,0.1429648280432385
949,10.0,0.000653000000056636,-2.0,-0.5156168187935048
950,48.0,0.0031490000001213048,-5.799999999999999,0.4246533392042613
951,11.0,0.0007780000000821019,-2.0999999999999996,0.13909505806300104
952,7.0,0.00048199999991993536,-1.7,0.3422404249906823
953,10.0,0.0006539999999404245,-2.0,0.457217118198481
954,30.0,0.001944999999977881,-4.000000000000002,0.013909505806300126
955,10.0,0.0007300000002032903,-2.0,0.20122122847307478
956,5.0,0.0004340000000411237,-1.5,0.02012212284730741
957,11.0,0.0007790000004206377,-2.0999999999999996,-0.03146707246687308
958,6.0,0.0004910000002382731,-1.6,0.045721711819848077
959,8.0,0.0006100000000515138,-1.7999999999999998,0.34564305133281215
960,33.0,0.0021190000002206943,-4.300000000000002,0.12975078880260527
961,32.0,0.002073999999993248,-4.200000000000001,0.00457217118198483
962,15.0,0.0010130000000572181,-2.5,0.0004572171181984608
963,11.0,0.0007900000000518048,-2.0999999999999996,0.0020122122847308077
964,10.0,0.0007390000000668806,-2.0,0.00020122122847299195
965,29.0,0.0019019999999727588,-3.9000000000000012,0.012975078880260504
966,11.0,0.0007100000002537854,-2.0999999999999996,0.1281641984662274
967,14.0,0.0009559999998600688,-2.4000000000000004,0.0012975078880259616
968,6.0,0.0004890000000159489,-1.6,2.0122122847299195e-05
969,10.0,0.0007230000001072767,-2.0,0.13123824566920939
970,33.0,0.0021200000001044828,-4.300000000000002,-0.003146707246687308
971,7.0,0.00048199999991993536,-1.7,0.17398229195530157
972,24.0,0.0015579999999317806,-3.400000000000001,0.24729150920140808
973,8.0,0.000537999999778549,-1.7999999999999998,0.02472915092014083
974,12.0,0.0008400000001529406,-2.2,0.045232827386141095
975,54.0,0.003482999999960157,-3.399999999999997,0.1035186100234442
976,7.0,0.0005439999999907741,-1.7,0.4319755416827724
977,41.0,0.0026710000001912704,-5.100000000000001,0.290732283102503
978,19.0,0.0012710000000879518,-2.9000000000000004,0.10442871537661502
979,10.0,0.0006889999999657448,-2.0,0.029073228310250165
980,30.0,0.0019440000000940927,-4.000000000000002,0.10008960517036303
981,30.0,0.001971000000139611,-4.000000000000002,0.249670249551444
982,62.0,0.003944000000046799,-7.199999999999994,0.32934948829501276
983,54.0,0.003499999999803549,-6.399999999999997,0.28878150005418135
984,20.0,0.0013240000002952002,-3.0000000000000004,0.44331512057261113
985,16.0,0.0010789999996632105,-2.6000000000000005,0.21605342470276212
986,5.0,0.00042900000016743434,-1.5,0.13465061719611549
987,15.0,0.0010080000001835288,-2.5,0.4579406624067597
988,13.0,0.0009250000002793968,-2.3,0.1495948189903198
989,32.0,0.0020799999997507257,-4.200000000000001,0.18691985080751317
990,14.0,0.0009690000001683075,-2.4000000000000004,0.018691985080751206
991,30.0,0.001999000000068918,-4.000000000000002,0.17160127131699188
992,11.0,0.0007890000001680164,-2.0999999999999996,0.0018691985080752094
993,17.0,0.0011329999997542473,-2.7,0.05475795923493232
994,17.0,0.0011309999999866704,-2.7,0.18391428321474623
995,14.0,0.0009650000001784065,-2.4000000000000004,0.00012975078880250734
996,52.0,0.0034250000003339665,-6.1999999999999975,0.10579650134658225
997,12.0,0.0008470000002489542,-2.2,0.15081231608002987
998,32.0,0.002191000000038912,-4.200000000000001,1.2975078880206325e-05
999,19.0,0.0012460000002647575,-2.9000000000000004,0.010579650134658225
1000,0.0,0.0,0.0,0.0
1001,0.0,0.0,0.0,0.0
1002,0.0,0.0,0.0,0.0
1003,0.0,0.0,0.0,0.0
1004,0.0,0.0,0.0,0.0
1005,0.0,0.0,0.0,0.0
1006,0.0,0.0,0.0,0.0
1007,0.0,0.0,0.0,0.0
1008,0.0,0.0,0.0,0.0
1009,0.0,0.0,0.0,0.0
1010,0.0,0.0,0.0,0.0
1011,0.0,0.0,0.0,0.0
1012,0.0,0.0,0.0,0.0
1013,0.0,0.0,0.0,0.0
1014,0.0,0.0,0.0,0.0
1015,0.0,0.0,0.0,0.0
1016,0.0,0.0,0.0,0.0
1017,0.0,0.0,0.0,0.0
1018,0.0,0.0,0.0,0.0
1019,0.0,0.0,0.0,0.0
1020,0.0,0.0,0.0,0.0
1021,0.0,0.0,0.0,0.0
1022,0.0,0.0,0.0,0.0
1023,0.0,0.0,0.0,0.0
1024,0.0,0.0,0.0,0.0
1025,0.0,0.0,0.0,0.0
1026,0.0,0.0,0.0,0.0
1027,0.0,0.0,0.0,0.0
1028,0.0,0.0,0.0,0.0
1029,0.0,0.0,0.0,0.0
1030,0.0,0.0,0.0,0.0
1031,0.0,0.0,0.0,0.0
1032,0.0,0.0,0.0,0.0
1033,0.0,0.0,0.0,0.0
1034,0.0,0.0,0.0,0.0
1035,0.0,0.0,0.0,0.0
1036,0.0,0.0,0.0,0.0
1037,0.0,0.0,0.0,0.0
1038,0.0,0.0,0.0,0.0
1039,0.0,0.0,0.0,0.0
1040,0.0,0.0,0.0,0.0
1041,0.0,0.0,0.0,0.0
1042,0.0,0.0,0.0,0.0
1043,0.0,0.0,0.0,0.0
1044,0.0,0.0,0.0,0.0
1045,0.0,0.0,0.0,0.0
1046,0.0,0.0,0.0,0.0
1047,0.0,0.0,0.0,0.0
1048,0.0,0.0,0.0,0.0
1049,0.0,0.0,0.0,0.0
1050,0.0,0.0,0.0,0.0
1051,0.0,0.0,0.0,0.0
1052,0.0,0.0,0.0,0.0
1053,0.0,0.0,0.0,0.0
1054,0.0,0.0,0.0,0.0
1055,0.0,0.0,0.0,0.0
1056,0.0,0.0,0.0,0.0
1057,0.0,0.0,0.0,0.0
1058,0.0,0.0,0.0,0.0
1059,0.0,0.0,0.0,0.0
1060,0.0,0.0,0.0,0.0
1061,0.0,0.0,0.0,0.0
1062,0.0,0.0,0.0,0.0
1063,0.0,0.0,0.0,0.0
1064,0.0,0.0,0.0,0.0
1065,0.0,0.0,0.0,0.0
1066,0.0,0.0,0.0,0.0
1067,0.0,0.0,0.0,0.0
1068,0.0,0.0,0.0,0.0
1069,0.0,0.0,0.0,0.0
1070,0.0,0.0,0.0,0.0
1071,0.0,0.0,0.0,0.0
1072,0.0,0.0,0.0,0.0
1073,0.0,0.0,0.0,0.0
1074,0.0,0.0,0.0,0.0
1075,0.0,0.0,0.0,0.0
1076,0.0,0.0,0.0,0.0
1077,0.0,0.0,0.0,0.0
1078,0.0,0.0,0.0,0.0
1079,0.0,0.0,0.0,0.0
1080,0.0,0.0,0.0,0.0
1081,0.0,0.0,0.0,0.0
1082,0.0,0.0,0.0,0.0
1083,0.0,0.0,0.0,0.0
1084,0.0,0.0,0.0,0.0
1085,0.0,0.0,0.0,0.0
1086,0.0,0.0,0.0,0.0
1087,0.0,0.0,0.0,0.0
1088,0.0,0.0,0.0,0.0
1089,0.0,0.0,0.0,0.0
1090,0.0,0.0,0.0,0.0
1091,0.0,0.0,0.0,0.0
1092,0.0,0.0,0.0,0.0
1093,0.0,0.0,0.0,0.0
1094,0.0,0.0,0.0,0.0
1095,0.0,0.0,0.0,0.0
1096,0.0,0.0,0.0,0.0
1097,0.0,0.0,0.0,0.0
1098,0.0,0.0,0.0,0.0
1099,0.0,0.0,0.0,0.0
1100,0.0,0.0,0.0,0.0
1101,0.0,0.0,0.0,0.0
1102,0.0,0.0,0.0,0.0
1103,0.0,0.0,0.0,0.0
1104,0.0,0.0,0.0,0.0
1105,0.0,0.0,0.0,0.0
1106,0.0,0.0,0.0,0.0
1107,0.0,0.0,0.0,0.0
1108,0.0,0.0,0.0,0.0
1109,0.0,0.0,0.0,0.0
1110,0.0,0.0,0.0,0.0
1111,0.0,0.0,0.0,0.0
1112,0.0,0.0,0.0,0.0
1113,0.0,0.0,0.0,0.0
1114,0.0,0.0,0.0,0.0
1115,0.0,0.0,0.0,0.0
1116,0.0,0.0,0.0,0.0
1117,0.0,0.0,0.0,0.0
1118,0.0,0.0,0.0,0.0
1119,0.0,0.0,0.0,0.0
1120,0.0,0.0,0.0,0.0
1121,0.0,0.0,0.0,0.0
1122,0.0,0.0,0.0,0.0
1123,0.0,0.0,0.0,0.0
1124,0.0,0.0,0.0,0.0
1125,0.0,0.0,0.0,0.0
1126,0.0,0.0,0.0,0.0
1127,0.0,0.0,0.0,0.0
1128,0.0,0.0,0.0,0.0
1129,0.0,0.0,0.0,0.0
1130,0.0,0.0,0.0,0.0
1131,0.0,0.0,0.0,0.0
1132,0.0,0.0,0.0,0.0
1133,0.0,0.0,0.0,0.0
1134,0.0,0.0,0.0,0.0
1135,0.0,0.0,0.0,0.0
1136,0.0,0.0,0.0,0.0
1137,0.0,0.0,0.0,0.0
1138,0.0,0.0,0.0,0.0
1139,0.0,0.0,0.0,0.0
1140,0.0,0.0,0.0,0.0
1141,0.0,0.0,0.0,0.0
1142,0.0,0.0,0.0,0.0
1143,0.0,0.0,0.0,0.0
1144,0.0,0.0,0.0,0.0
1145,0.0,0.0,0.0,0.0
1146,0.0,0.0,0.0,0.0
1147,0.0,0.0,0.0,0.0
1148,0.0,0.0,0.0,0.0
1149,0.0,0.0,0.0,0.0
1150,0.0,0.0,0.0,0.0
1151,0.0,0.0,0.0,0.0
1152,0.0,0.0,0.0,0.0
1153,0.0,0.0,0.0,0.0
1154,0.0,0.0,0.0,0.0
1155,0.0,0.0,0.0,0.0
1156,0.0,0.0,0.0,0.0
1157,0.0,0.0,0.0,0.0
1158,0.0,0.0,0.0,0.0
1159,0.0,0.0,0.0,0.0
1160,0.0,0.0,0.0,0.0
1161,0.0,0.0,0.0,0.0
1162,0.0,0.0,0.0,0.0
1163,0.0,0.0,0.0,0.0
1164,0.0,0.0,0.0,0.0
1165,0.0,0.0,0.0,0.0
1166,0.0,0.0,0.0,0.0
1167,0.0,0.0,0.0,0.0
1168,0.0,0.0,0.0,0.0
1169,0.0,0.0,0.0,0.0
1170,0.0,0.0,0.0,0.0
1171,0.0,0.0,0.0,0.0
1172,0.0,0.0,0.0,0.0
1173,0.0,0.0,0.0,0.0
1174,0.0,0.0,0.0,0.0
1175,0.0,0.0,0.0,0.0
1176,0.0,0.0,0.0,0.0
1177,0.0,0.0,0.0,0.0
1178,0.0,0.0,0.0,0.0
1179,0.0,0.0,0.0,0.0
1180,0.0,0.0,0.0,0.0
1181,0.0,0.0,0.0,0.0
1182,0.0,0.0,0.0,0.0
1183,0.0,0.0,0.0,0.0
1184,0.0,0.0,0.0,0.0
1185,0.0,0.0,0.0,0.0
1186,0.0,0.0,0.0,0.0
1187,0.0,0.0,0.0,0.0
1188,0.0,0.0,0.0,0.0
1189,0.0,0.0,0.0,0.0
1190,0.0,0.0,0.0,0.0
1191,0.0,0.0,0.0,0.0
1192,0.0,0.0,0.0,0.0
1193,0.0,0.0,0.0,0.0
1194,0.0,0.0,0.0,0.0
1195,0.0,0.0,0.0,0.0
1196,0.0,0.0,0.0,0.0
1197,0.0,0.0,0.0,0.0
1198,0.0,0.0,0.0,0.0
1199,0.0,0.0,0.0,0.0
1200,0.0,0.0,0.0,0.0
1201,0.0,0.0,0.0,0.0
1202,0.0,0.0,0.0,0.0
1203,0.0,0.0,0.0,0.0
1204,0.0,0.0,0.0,0.0
1205,0.0,0.0,0.0,0.0
1206,0.0,0.0,0.0,0.0
1207,0.0,0.0,0.0,0.0
1208,0.0,0.0,0.0,0.0
1209,0.0,0.0,0.0,0.0
1210,0.0,0.0,0.0,0.0
1211,0.0,0.0,0.0,0.0
1212,0.0,0.0,0.0,0.0
1213,0.0,0.0,0.0,0.0
1214,0.0,0.0,0.0,0.0
1215,0.0,0.0,0.0,0.0
1216,0.0,0.0,0.0,0.0
1217,0.0,0.0,0.0,0.0
1218,0.0,0.0,0.0,0.0
1219,0.0,0.0,0.0,0.0
1220,0.0,0.0,0.0,0.0
1221,0.0,0.0,0.0,0.0
1222,0.0,0.0,0.0,0.0
1223,0.0,0.0,0.0,0.0
1224,0.0,0.0,0.0,0.0
1225,0.0,0.0,0.0,0.0
1226,0.0,0.0,0.0,0.0
1227,0.0,0.0,0.0,0.0
1228,0.0,0.0,0.0,0.0
1229,0.0,0.0,0.0,0.0
1230,0.0,0.0,0.0,0.0
1231,0.0,0.0,0.0,0.0
1232,0.0,0.0,0.0,0.0
1233,0.0,0.0,0.0,0.0
1234,0.0,0.0,0.0,0.0
1235,0.0,0.0,0.0,0.0
1236,0.0,0.0,0.0,0.0
1237,0.0,0.0,0.0,0.0
1238,0.0,0.0,0.0,0.0
1239,0.0,0.0,0.0,0.0
1240,0.0,0.0,0.0,0.0
1241,0.0,0.0,0.0,0.0
1242,0.0,0.0,0.0,0.0
1243,0.0,0.0,0.0,0.0
1244,0.0,0.0,0.0,0.0
1245,0.0,0.0,0.0,0.0
1246,0.0,0.0,0.0,0.0
1247,0.0,0.0,0.0,0.0
1248,0.0,0.0,0.0,0.0
1249,0.0,0.0,0.0,0.0
1250,0.0,0.0,0.0,0.0
1251,0.0,0.0,0.0,0.0
1252,0.0,0.0,0.0,0.0
1253,0.0,0.0,0.0,0.0
1254,0.0,0.0,0.0,0.0
1255,0.0,0.0,0.0,0.0
1256,0.0,0.0,0.0,0.0
1257,0.0,0.0,0.0,0.0
1258,0.0,0.0,0.0,0.0
1259,0.0,0.0,0.0,0.0
1260,0.0,0.0,0.0,0.0
1261,0.0,0.0,0.0,0.0
1262,0.0,0.0,0.0,0.0
1263,0.0,0.0,0.0,0.0
1264,0.0,0.0,0.0,0.0
1265,0.0,0.0,0.0,0.0
1266,0.0,0.0,0.0,0.0
1267,0.0,0.0,0.0,0.0
1268,0.0,0.0,0.0,0.0
1269,0.0,0.0,0.0,0.0
1270,0.0,0.0,0.0,0.0
1271,0.0,0.0,0.0,0.0
1272,0.0,0.0,0.0,0.0
1273,0.0,0.0,0.0,0.0
1274,0.0,0.0,0.0,0.0
1275,0.0,0.0,0.0,0.0
1276,0.0,0.0,0.0,0.0
1277,0.0,0.0,0.0,0.0
1278,0.0,0.0,0.0,0.0
1279,0.0,0.0,0.0,0.0
1280,0.0,0.0,0.0,0.0
1281,0.0,0.0,0.0,0.0
1282,0.0,0.0,0.0,0.0
1283,0.0,0.0,0.0,0.0
1284,0.0,0.0,0.0,0.0
1285,0.0,0.0,0.0,0.0
1286,0.0,0.0,0.0,0.0
1287,0.0,0.0,0.0,0.0
1288,0.0,0.0,0.0,0.0
1289,0.0,0.0,0.0,0.0
1290,0.0,0.0,0.0,0.0
1291,0.0,0.0,0.0,0.0
1292,0.0,0.0,0.0,0.0
1293,0.0,0.0,0.0,0.0
1294,0.0,0.0,0.0,0.0
1295,0.0,0.0,0.0,0.0
1296,0.0,0.0,0.0,0.0
1297,0.0,0.0,0.0,0.0
1298,0.0,0.0,0.0,0.0
1299,0.0,0.0,0.0,0.0
1300,0.0,0.0,0.0,0.0
1301,0.0,0.0,0.0,0.0
1302,0.0,0.0,0.0,0.0
1303,0.0,0.0,0.0,0.0
1304,0.0,0.0,0.0,0.0
1305,0.0,0.0,0.0,0.0
1306,0.0,0.0,0.0,0.0
1307,0.0,0.0,0.0,0.0
1308,0.0,0.0,0.0,0.0
1309,0.0,0.0,0.0,0.0
1310,0.0,0.0,0.0,0.0
1311,0.0,0.0,0.0,0.0
1312,0.0,0.0,0.0,0.0
1313,0.0,0.0,0.0,0.0
1314,0.0,0.0,0.0,0.0
1315,0.0,0.0,0.0,0.0
1316,0.0,0.0,0.0,0.0
1317,0.0,0.0,0.0,0.0
1318,0.0,0.0,0.0,0.0
1319,0.0,0.0,0.0,0.0
1320,0.0,0.0,0.0,0.0
1321,0.0,0.0,0.0,0.0
1322,0.0,0.0,0.0,0.0
1323,0.0,0.0,0.0,0.0
1324,0.0,0.0,0.0,0.0
1325,0.0,0.0,0.0,0.0
1326,0.0,0.0,0.0,0.0
1327,0.0,0.0,0.0,0.0
1328,0.0,0.0,0.0,0.0
1329,0.0,0.0,0.0,0.0
1330,0.0,0.0,0.0,0.0
1331,0.0,0.0,0.0,0.0
1332,0.0,0.0,0.0,0.0
1333,0.0,0.0,0.0,0.0
1334,0.0,0.0,0.0,0.0
1335,0.0,0.0,0.0,0.0
1336,0.0,0.0,0.0,0.0
1337,0.0,0.0,0.0,0.0
1338,0.0,0.0,0.0,0.0
1339,0.0,0.0,0.0,0.0
1340,0.0,0.0,0.0,0.0
1341,0.0,0.0,0.0,0.0
1342,0.0,0.0,0.0,0.0
1343,0.0,0.0,0.0,0.0
1344,0.0,0.0,0.0,0.0
1345,0.0,0.0,0.0,0.0
1346,0.0,0.0,0.0,0.0
1347,0.0,0.0,0.0,0.0
1348,0.0,0.0,0.0,0.0
1349,0.0,0.0,0.0,0.0
1350,0.0,0.0,0.0,0.0
1351,0.0,0.0,0.0,0.0
1352,0.0,0.0,0.0,0.0
1353,0.0,0.0,0.0,0.0
1354,0.0,0.0,0.0,0.0
1355,0.0,0.0,0.0,0.0
1356,0.0,0.0,0.0,0.0
1357,0.0,0.0,0.0,0.0
1358,0.0,0.0,0.0,0.0
1359,0.0,0.0,0.0,0.0
1360,0.0,0.0,0.0,0.0
1361,0.0,0.0,0.0,0.0
1362,0.0,0.0,0.0,0.0
1363,0.0,0.0,0.0,0.0
1364,0.0,0.0,0.0,0.0
1365,0.0,0.0,0.0,0.0
1366,0.0,0.0,0.0,0.0
1367,0.0,0.0,0.0,0.0
1368,0.0,0.0,0.0,0.0
1369,0.0,0.0,0.0,0.0
1370,0.0,0.0,0.0,0.0
1371,0.0,0.0,0.0,0.0
1372,0.0,0.0,0.0,0.0
1373,0.0,0.0,0.0,0.0
1374,0.0,0.0,0.0,0.0
1375,0.0,0.0,0.0,0.0
1376,0.0,0.0,0.0,0.0
1377,0.0,0.0,0.0,0.0
1378,0.0,0.0,0.0,0.0
1379,0.0,0.0,0.0,0.0
1380,0.0,0.0,0.0,0.0
1381,0.0,0.0,0.0,0.0
1382,0.0,0.0,0.0,0.0
1383,0.0,0.0,0.0,0.0
1384,0.0,0.0,0.0,0.0
1385,0.0,0.0,0.0,0.0
1386,0.0,0.0,0.0,0.0
1387,0.0,0.0,0.0,0.0
1388,0.0,0.0,0.0,0.0
1389,0.0,0.0,0.0,0.0
1390,0.0,0.0,0.0,0.0
1391,0.0,0.0,0.0,0.0
1392,0.0,0.0,0.0,0.0
1393,0.0,0.0,0.0,0.0
1394,0.0,0.0,0.0,0.0
1395,0.0,0.0,0.0,0.0
1396,0.0,0.0,0.0,0.0
1397,0.0,0.0,0.0,0.0
1398,0.0,0.0,0.0,0.0
1399,0.0,0.0,0.0,0.0
1400,0.0,0.0,0.0,0.0
1401,0.0,0.0,0.0,0.0
1402,0.0,0.0,0.0,0.0
1403,0.0,0.0,0.0,0.0
1404,0.0,0.0,0.0,0.0
1405,0.0,0.0,0.0,0.0
1406,0.0,0.0,0.0,0.0
1407,0.0,0.0,0.0,0.0
1408,0.0,0.0,0.0,0.0
1409,0.0,0.0,0.0,0.0
1410,0.0,0.0,0.0,0.0
1411,0.0,0.0,0.0,0.0
1412,0.0,0.0,0.0,0.0
1413,0.0,0.0,0.0,0.0
1414,0.0,0.0,0.0,0.0
1415,0.0,0.0,0.0,0.0
1416,0.0,0.0,0.0,0.0
1417,0.0,0.0,0.0,0.0
1418,0.0,0.0,0.0,0.0
1419,0.0,0.0,0.0,0.0
1420,0.0,0.0,0.0,0.0
1421,0.0,0.0,0.0,0.0
1422,0.0,0.0,0.0,0.0
1423,0.0,0.0,0.0,0.0
1424,0.0,0.0,0.0,0.0
1425,0.0,0.0,0.0,0.0
1426,0.0,0.0,0.0,0.0
1427,0.0,0.0,0.0,0.0
1428,0.0,0.0,0.0,0.0
1429,0.0,0.0,0.0,0.0
1430,0.0,0.0,0.0,0.0
1431,0.0,0.0,0.0,0.0
1432,0.0,0.0,0.0,0.0
1433,0.0,0.0,0.0,0.0
1434,0.0,0.0,0.0,0.0
1435,0.0,0.0,0.0,0.0
1436,0.0,0.0,0.0,0.0
1437,0.0,0.0,0.0,0.0
1438,0.0,0.0,0.0,0.0
1439,0.0,0.0,0.0,0.0
1440,0.0,0.0,0.0,0.0
1441,0.0,0.0,0.0,0.0
1442,0.0,0.0,0.0,0.0
1443,0.0,0.0,0.0,0.0
1444,0.0,0.0,0.0,0.0
1445,0.0,0.0,0.0,0.0
1446,0.0,0.0,0.0,0.0
1447,0.0,0.0,0.0,0.0
1448,0.0,0.0,0.0,0.0
1449,0.0,0.0,0.0,0.0
1450,0.0,0.0,0.0,0.0
1451,0.0,0.0,0.0,0.0
1452,0.0,0.0,0.0,0.0
1453,0.0,0.0,0.0,0.0
1454,0.0,0.0,0.0,0.0
1455,0.0,0.0,0.0,0.0
1456,0.0,0.0,0.0,0.0
1457,0.0,0.0,0.0,0.0
1458,0.0,0.0,0.0,0.0
1459,0.0,0.0,0.0,0.0
1460,0.0,0.0,0.0,0.0
1461,0.0,0.0,0.0,0.0
1462,0.0,0.0,0.0,0.0
1463,0.0,0.0,0.0,0.0
1464,0.0,0.0,0.0,0.0
1465,0.0,0.0,0.0,0.0
1466,0.0,0.0,0.0,0.0
1467,0.0,0.0,0.0,0.0
1468,0.0,0.0,0.0,0.0
1469,0.0,0.0,0.0,0.0
1470,0.0,0.0,0.0,0.0
1471,0.0,0.0,0.0,0.0
1472,0.0,0.0,0.0,0.0
1473,0.0,0.0,0.0,0.0
1474,0.0,0.0,0.0,0.0
1475,0.0,0.0,0.0,0.0
1476,0.0,0.0,0.0,0.0
1477,0.0,0.0,0.0,0.0
1478,0.0,0.0,0.0,0.0
1479,0.0,0.0,0.0,0.0
1480,0.0,0.0,0.0,0.0
1481,0.0,0.0,0.0,0.0
1482,0.0,0.0,0.0,0.0
1483,0.0,0.0,0.0,0.0
1484,0.0,0.0,0.0,0.0
1485,0.0,0.0,0.0,0.0
1486,0.0,0.0,0.0,0.0
1487,0.0,0.0,0.0,0.0
1488,0.0,0.0,0.0,0.0
1489,0.0,0.0,0.0,0.0
1490,0.0,0.0,0.0,0.0
1491,0.0,0.0,0.0,0.0
1492,0.0,0.0,0.0,0.0
1493,0.0,0.0,0.0,0.0
1494,0.0,0.0,0.0,0.0
1495,0.0,0.0,0.0,0.0
1496,0.0,0.0,0.0,0.0
1497,0.0,0.0,0.0,0.0
1498,0.0,0.0,0.0,0.0
1499,0.0,0.0,0.0,0.0
1500,0.0,0.0,0.0,0.0
1501,0.0,0.0,0.0,0.0
1502,0.0,0.0,0.0,0.0
1503,0.0,0.0,0.0,0.0
1504,0.0,0.0,0.0,0.0
1505,0.0,0.0,0.0,0.0
1506,0.0,0.0,0.0,0.0
1507,0.0,0.0,0.0,0.0
1508,0.0,0.0,0.0,0.0
1509,0.0,0.0,0.0,0.0
1510,0.0,0.0,0.0,0.0
1511,0.0,0.0,0.0,0.0
1512,0.0,0.0,0.0,0.0
1513,0.0,0.0,0.0,0.0
1514,0.0,0.0,0.0,0.0
1515,0.0,0.0,0.0,0.0
1516,0.0,0.0,0.0,0.0
1517,0.0,0.0,0.0,0.0
1518,0.0,0.0,0.0,0.0
1519,0.0,0.0,0.0,0.0
1520,0.0,0.0,0.0,0.0
1521,0.0,0.0,0.0,0.0
1522,0.0,0.0,0.0,0.0
1523,0.0,0.0,0.0,0.0
1524,0.0,0.0,0.0,0.0
1525,0.0,0.0,0.0,0.0
1526,0.0,0.0,0.0,0.0
1527,0.0,0.0,0.0,0.0
1528,0.0,0.0,0.0,0.0
1529,0.0,0.0,0.0,0.0
1530,0.0,0.0,0.0,0.0
1531,0.0,0.0,0.0,0.0
1532,0.0,0.0,0.0,0.0
1533,0.0,0.0,0.0,0.0
1534,0.0,0.0,0.0,0.0
1535,0.0,0.0,0.0,0.0
1536,0.0,0.0,0.0,0.0
1537,0.0,0.0,0.0,0.0
1538,0.0,0.0,0.0,0.0
1539,0.0,0.0,0.0,0.0
1540,0.0,0.0,0.0,0.0
1541,0.0,0.0,0.0,0.0
1542,0.0,0.0,0.0,0.0
1543,0.0,0.0,0.0,0.0
1544,0.0,0.0,0.0,0.0
1545,0.0,0.0,0.0,0.0
1546,0.0,0.0,0.0,0.0
1547,0.0,0.0,0.0,0.0
1548,0.0,0.0,0.0,0.0
1549,0.0,0.0,0.0,0.0
1550,0.0,0.0,0.0,0.0
1551,0.0,0.0,0.0,0.0
1552,0.0,0.0,0.0,0.0
1553,0.0,0.0,0.0,0.0
1554,0.0,0.0,0.0,0.0
1555,0.0,0.0,0.0,0.0
1556,0.0,0.0,0.0,0.0
1557,0.0,0.0,0.0,0.0
1558,0.0,0.0,0.0,0.0
1559,0.0,0.0,0.0,0.0
1560,0.0,0.0,0.0,0.0
1561,0.0,0.0,0.0,0.0
1562,0.0,0.0,0.0,0.0
1563,0.0,0.0,0.0,0.0
1564,0.0,0.0,0.0,0.0
1565,0.0,0.0,0.0,0.0
1566,0.0,0.0,0.0,0.0
1567,0.0,0.0,0.0,0.0
1568,0.0,0.0,0.0,0.0
1569,0.0,0.0,0.0,0.0
1570,0.0,0.0,0.0,0.0
1571,0.0,0.0,0.0,0.0
1572,0.0,0.0,0.0,0.0
1573,0.0,0.0,0.0,0.0
1574,0.0,0.0,0.0,0.0
1575,0.0,0.0,0.0,0.0
1576,0.0,0.0,0.0,0.0
1577,0.0,0.0,0.0,0.0
1578,0.0,0.0,0.0,0.0
1579,0.0,0.0,0.0,0.0
1580,0.0,0.0,0.0,0.0
1581,0.0,0.0,0.0,0.0
1582,0.0,0.0,0.0,0.0
1583,0.0,0.0,0.0,0.0
1584,0.0,0.0,0.0,0.0
1585,0.0,0.0,0.0,0.0
1586,0.0,0.0,0.0,0.0
1587,0.0,0.0,0.0,0.0
1588,0.0,0.0,0.0,0.0
1589,0.0,0.0,0.0,0.0
1590,0.0,0.0,0.0,0.0
1591,0.0,0.0,0.0,0.0
1592,0.0,0.0,0.0,0.0
1593,0.0,0.0,0.0,0.0
1594,0.0,0.0,0.0,0.0
1595,0.0,0.0,0.0,0.0
1596,0.0,0.0,0.0,0.0
1597,0.0,0.0,0.0,0.0
1598,0.0,0.0,0.0,0.0
1599,0.0,0.0,0.0,0.0
1600,0.0,0.0,0.0,0.0
1601,0.0,0.0,0.0,0.0
1602,0.0,0.0,0.0,0.0
1603,0.0,0.0,0.0,0.0
1604,0.0,0.0,0.0,0.0
1605,0.0,0.0,0.0,0.0
1606,0.0,0.0,0.0,0.0
1607,0.0,0.0,0.0,0.0
1608,0.0,0.0,0.0,0.0
1609,0.0,0.0,0.0,0.0
1610,0.0,0.0,0.0,0.0
1611,0.0,0.0,0.0,0.0
1612,0.0,0.0,0.0,0.0
1613,0.0,0.0,0.0,0.0
1614,0.0,0.0,0.0,0.0
1615,0.0,0.0,0.0,0.0
1616,0.0,0.0,0.0,0.0
1617,0.0,0.0,0.0,0.0
1618,0.0,0.0,0.0,0.0
1619,0.0,0.0,0.0,0.0
1620,0.0,0.0,0.0,0.0
1621,0.0,0.0,0.0,0.0
1622,0.0,0.0,0.0,0.0
1623,0.0,0.0,0.0,0.0
1624,0.0,0.0,0.0,0.0
1625,0.0,0.0,0.0,0.0
1626,0.0,0.0,0.0,0.0
1627,0.0,0.0,0.0,0.0
1628,0.0,0.0,0.0,0.0
1629,0.0,0.0,0.0,0.0
1630,0.0,0.0,0.0,0.0
1631,0.0,0.0,0.0,0.0
1632,0.0,0.0,0.0,0.0
1633,0.0,0.0,0.0,0.0
1634,0.0,0.0,0.0,0.0
1635,0.0,0.0,0.0,0.0
1636,0.0,0.0,0.0,0.0
1637,0.0,0.0,0.0,0.0
1638,0.0,0.0,0.0,0.0
1639,0.0,0.0,0.0,0.0
1640,0.0,0.0,0.0,0.0
1641,0.0,0.0,0.0,0.0
1642,0.0,0.0,0.0,0.0
1643,0.0,0.0,0.0,0.0
1644,0.0,0.0,0.0,0.0
1645,0.0,0.0,0.0,0.0
1646,0.0,0.0,0.0,0.0
1647,0.0,0.0,0.0,0.0
1648,0.0,0.0,0.0,0.0
1649,0.0,0.0,0.0,0.0
1650,0.0,0.0,0.0,0.0
1651,0.0,0.0,0.0,0.0
1652,0.0,0.0,0.0,0.0
1653,0.0,0.0,0.0,0.0
1654,0.0,0.0,0.0,0.0
1655,0.0,0.0,0.0,0.0
1656,0.0,0.0,0.0,0.0
1657,0.0,0.0,0.0,0.0
1658,0.0,0.0,0.0,0.0
1659,0.0,0.0,0.0,0.0
1660,0.0,0.0,0.0,0.0
1661,0.0,0.0,0.0,0.0
1662,0.0,0.0,0.0,0.0
1663,0.0,0.0,0.0,0.0
1664,0.0,0.0,0.0,0.0
1665,0.0,0.0,0.0,0.0
1666,0.0,0.0,0.0,0.0
1667,0.0,0.0,0.0,0.0
1668,0.0,0.0,0.0,0.0
1669,0.0,0.0,0.0,0.0
1670,0.0,0.0,0.0,0.0
1671,0.0,0.0,0.0,0.0
1672,0.0,0.0,0.0,0.0
1673,0.0,0.0,0.0,0.0
1674,0.0,0.0,0.0,0.0
1675,0.0,0.0,0.0,0.0
1676,0.0,0.0,0.0,0.0
1677,0.0,0.0,0.0,0.0
1678,0.0,0.0,0.0,0.0
1679,0.0,0.0,0.0,0.0
1680,0.0,0.0,0.0,0.0
1681,0.0,0.0,0.0,0.0
1682,0.0,0.0,0.0,0.0
1683,0.0,0.0,0.0,0.0
1684,0.0,0.0,0.0,0.0
1685,0.0,0.0,0.0,0.0
1686,0.0,0.0,0.0,0.0
1687,0.0,0.0,0.0,0.0
1688,0.0,0.0,0.0,0.0
1689,0.0,0.0,0.0,0.0
1690,0.0,0.0,0.0,0.0
1691,0.0,0.0,0.0,0.0
1692,0.0,0.0,0.0,0.0
1693,0.0,0.0,0.0,0.0
1694,0.0,0.0,0.0,0.0
1695,0.0,0.0,0.0,0.0
1696,0.0,0.0,0.0,0.0
1697,0.0,0.0,0.0,0.0
1698,0.0,0.0,0.0,0.0
1699,0.0,0.0,0.0,0.0
1700,0.0,0.0,0.0,0.0
1701,0.0,0.0,0.0,0.0
1702,0.0,0.0,0.0,0.0
1703,0.0,0.0,0.0,0.0
1704,0.0,0.0,0.0,0.0
1705,0.0,0.0,0.0,0.0
1706,0.0,0.0,0.0,0.0
1707,0.0,0.0,0.0,0.0
1708,0.0,0.0,0.0,0.0
1709,0.0,0.0,0.0,0.0
1710,0.0,0.0,0.0,0.0
1711,0.0,0.0,0.0,0.0
1712,0.0,0.0,0.0,0.0
1713,0.0,0.0,0.0,0.0
1714,0.0,0.0,0.0,0.0
1715,0.0,0.0,0.0,0.0
1716,0.0,0.0,0.0,0.0
1717,0.0,0.0,0.0,0.0
1718,0.0,0.0,0.0,0.0
1719,0.0,0.0,0.0,0.0
1720,0.0,0.0,0.0,0.0
1721,0.0,0.0,0.0,0.0
1722,0.0,0.0,0.0,0.0
1723,0.0,0.0,0.0,0.0
1724,0.0,0.0,0.0,0.0
1725,0.0,0.0,0.0,0.0
1726,0.0,0.0,0.0,0.0
1727,0.0,0.0,0.0,0.0
1728,0.0,0.0,0.0,0.0
1729,0.0,0.0,0.0,0.0
1730,0.0,0.0,0.0,0.0
1731,0.0,0.0,0.0,0.0
1732,0.0,0.0,0.0,0.0
1733,0.0,0.0,0.0,0.0
1734,0.0,0.0,0.0,0.0
1735,0.0,0.0,0.0,0.0
1736,0.0,0.0,0.0,0.0
1737,0.0,0.0,0.0,0.0
1738,0.0,0.0,0.0,0.0
1739,0.0,0.0,0.0,0.0
1740,0.0,0.0,0.0,0.0
1741,0.0,0.0,0.0,0.0
1742,0.0,0.0,0.0,0.0
1743,0.0,0.0,0.0,0.0
1744,0.0,0.0,0.0,0.0
1745,0.0,0.0,0.0,0.0
1746,0.0,0.0,0.0,0.0
1747,0.0,0.0,0.0,0.0
1748,0.0,0.0,0.0,0.0
1749,0.0,0.0,0.0,0.0
1750,0.0,0.0,0.0,0.0
1751,0.0,0.0,0.0,0.0
1752,0.0,0.0,0.0,0.0
1753,0.0,0.0,0.0,0.0
1754,0.0,0.0,0.0,0.0
1755,0.0,0.0,0.0,0.0
1756,0.0,0.0,0.0,0.0
1757,0.0,0.0,0.0,0.0
1758,0.0,0.0,0.0,0.0
1759,0.0,0.0,0.0,0.0
1760,0.0,0.0,0.0,0.0
1761,0.0,0.0,0.0,0.0
1762,0.0,0.0,0.0,0.0
1763,0.0,0.0,0.0,0.0
1764,0.0,0.0,0.0,0.0
1765,0.0,0.0,0.0,0.0
1766,0.0,0.0,0.0,0.0
1767,0.0,0.0,0.0,0.0
1768,0.0,0.0,0.0,0.0
1769,0.0,0.0,0.0,0.0
1770,0.0,0.0,0.0,0.0
1771,0.0,0.0,0.0,0.0
1772,0.0,0.0,0.0,0.0
1773,0.0,0.0,0.0,0.0
1774,0.0,0.0,0.0,0.0
1775,0.0,0.0,0.0,0.0
1776,0.0,0.0,0.0,0.0
1777,0.0,0.0,0.0,0.0
1778,0.0,0.0,0.0,0.0
1779,0.0,0.0,0.0,0.0
1780,0.0,0.0,0.0,0.0
1781,0.0,0.0,0.0,0.0
1782,0.0,0.0,0.0,0.0
1783,0.0,0.0,0.0,0.0
1784,0.0,0.0,0.0,0.0
1785,0.0,0.0,0.0,0.0
1786,0.0,0.0,0.0,0.0
1787,0.0,0.0,0.0,0.0
1788,0.0,0.0,0.0,0.0
1789,0.0,0.0,0.0,0.0
1790,0.0,0.0,0.0,0.0
1791,0.0,0.0,0.0,0.0
1792,0.0,0.0,0.0,0.0
1793,0.0,0.0,0.0,0.0
1794,0.0,0.0,0.0,0.0
1795,0.0,0.0,0.0,0.0
1796,0.0,0.0,0.0,0.0
1797,0.0,0.0,0.0,0.0
1798,0.0,0.0,0.0,0.0
1799,0.0,0.0,0.0,0.0
1800,0.0,0.0,0.0,0.0
1801,0.0,0.0,0.0,0.0
1802,0.0,0.0,0.0,0.0
1803,0.0,0.0,0.0,0.0
1804,0.0,0.0,0.0,0.0
1805,0.0,0.0,0.0,0.0
1806,0.0,0.0,0.0,0.0
1807,0.0,0.0,0.0,0.0
1808,0.0,0.0,0.0,0.0
1809,0.0,0.0,0.0,0.0
1810,0.0,0.0,0.0,0.0
1811,0.0,0.0,0.0,0.0
1812,0.0,0.0,0.0,0.0
1813,0.0,0.0,0.0,0.0
1814,0.0,0.0,0.0,0.0
1815,0.0,0.0,0.0,0.0
1816,0.0,0.0,0.0,0.0
1817,0.0,0.0,0.0,0.0
1818,0.0,0.0,0.0,0.0
1819,0.0,0.0,0.0,0.0
1820,0.0,0.0,0.0,0.0
1821,0.0,0.0,0.0,0.0
1822,0.0,0.0,0.0,0.0
1823,0.0,0.0,0.0,0.0
1824,0.0,0.0,0.0,0.0
1825,0.0,0.0,0.0,0.0
1826,0.0,0.0,0.0,0.0
1827,0.0,0.0,0.0,0.0
1828,0.0,0.0,0.0,0.0
1829,0.0,0.0,0.0,0.0
1830,0.0,0.0,0.0,0.0
1831,0.0,0.0,0.0,0.0
1832,0.0,0.0,0.0,0.0
1833,0.0,0.0,0.0,0.0
1834,0.0,0.0,0.0,0.0
1835,0.0,0.0,0.0,0.0
1836,0.0,0.0,0.0,0.0
1837,0.0,0.0,0.0,0.0
1838,0.0,0.0,0.0,0.0
1839,0.0,0.0,0.0,0.0
1840,0.0,0.0,0.0,0.0
1841,0.0,0.0,0.0,0.0
1842,0.0,0.0,0.0,0.0
1843,0.0,0.0,0.0,0.0
1844,0.0,0.0,0.0,0.0
1845,0.0,0.0,0.0,0.0
1846,0.0,0.0,0.0,0.0
1847,0.0,0.0,0.0,0.0
1848,0.0,0.0,0.0,0.0
1849,0.0,0.0,0.0,0.0
1850,0.0,0.0,0.0,0.0
1851,0.0,0.0,0.0,0.0
1852,0.0,0.0,0.0,0.0
1853,0.0,0.0,0.0,0.0
1854,0.0,0.0,0.0,0.0
1855,0.0,0.0,0.0,0.0
1856,0.0,0.0,0.0,0.0
1857,0.0,0.0,0.0,0.0
1858,0.0,0.0,0.0,0.0
1859,0.0,0.0,0.0,0.0
1860,0.0,0.0,0.0,0.0
1861,0.0,0.0,0.0,0.0
1862,0.0,0.0,0.0,0.0
1863,0.0,0.0,0.0,0.0
1864,0.0,0.0,0.0,0.0
1865,0.0,0.0,0.0,0.0
1866,0.0,0.0,0.0,0.0
1867,0.0,0.0,0.0,0.0
1868,0.0,0.0,0.0,0.0
1869,0.0,0.0,0.0,0.0
1870,0.0,0.0,0.0,0.0
1871,0.0,0.0,0.0,0.0
1872,0.0,0.0,0.0,0.0
1873,0.0,0.0,0.0,0.0
1874,0.0,0.0,0.0,0.0
1875,0.0,0.0,0.0,0.0
1876,0.0,0.0,0.0,0.0
1877,0.0,0.0,0.0,0.0
1878,0.0,0.0,0.0,0.0
1879,0.0,0.0,0.0,0.0
1880,0.0,0.0,0.0,0.0
1881,0.0,0.0,0.0,0.0
1882,0.0,0.0,0.0,0.0
1883,0.0,0.0,0.0,0.0
1884,0.0,0.0,0.0,0.0
1885,0.0,0.0,0.0,0.0
1886,0.0,0.0,0.0,0.0
1887,0.0,0.0,0.0,0.0
1888,0.0,0.0,0.0,0.0
1889,0.0,0.0,0.0,0.0
1890,0.0,0.0,0.0,0.0
1891,0.0,0.0,0.0,0.0
1892,0.0,0.0,0.0,0.0
1893,0.0,0.0,0.0,0.0
1894,0.0,0.0,0.0,0.0
1895,0.0,0.0,0.0,0.0
1896,0.0,0.0,0.0,0.0
1897,0.0,0.0,0.0,0.0
1898,0.0,0.0,0.0,0.0
1899,0.0,0.0,0.0,0.0
1900,0.0,0.0,0.0,0.0
1901,0.0,0.0,0.0,0.0
1902,0.0,0.0,0.0,0.0
1903,0.0,0.0,0.0,0.0
1904,0.0,0.0,0.0,0.0
1905,0.0,0.0,0.0,0.0
1906,0.0,0.0,0.0,0.0
1907,0.0,0.0,0.0,0.0
1908,0.0,0.0,0.0,0.0
1909,0.0,0.0,0.0,0.0
1910,0.0,0.0,0.0,0.0
1911,0.0,0.0,0.0,0.0
1912,0.0,0.0,0.0,0.0
1913,0.0,0.0,0.0,0.0
1914,0.0,0.0,0.0,0.0
1915,0.0,0.0,0.0,0.0
1916,0.0,0.0,0.0,0.0
1917,0.0,0.0,0.0,0.0
1918,0.0,0.0,0.0,0.0
1919,0.0,0.0,0.0,0.0
1920,0.0,0.0,0.0,0.0
1921,0.0,0.0,0.0,0.0
1922,0.0,0.0,0.0,0.0
1923,0.0,0.0,0.0,0.0
1924,0.0,0.0,0.0,0.0
1925,0.0,0.0,0.0,0.0
1926,0.0,0.0,0.0,0.0
1927,0.0,0.0,0.0,0.0
1928,0.0,0.0,0.0,0.0
1929,0.0,0.0,0.0,0.0
1930,0.0,0.0,0.0,0.0
1931,0.0,0.0,0.0,0.0
1932,0.0,0.0,0.0,0.0
1933,0.0,0.0,0.0,0.0
1934,0.0,0.0,0.0,0.0
1935,0.0,0.0,0.0,0.0
1936,0.0,0.0,0.0,0.0
1937,0.0,0.0,0.0,0.0
1938,0.0,0.0,0.0,0.0
1939,0.0,0.0,0.0,0.0
1940,0.0,0.0,0.0,0.0
1941,0.0,0.0,0.0,0.0
1942,0.0,0.0,0.0,0.0
1943,0.0,0.0,0.0,0.0
1944,0.0,0.0,0.0,0.0
1945,0.0,0.0,0.0,0.0
1946,0.0,0.0,0.0,0.0
1947,0.0,0.0,0.0,0.0
1948,0.0,0.0,0.0,0.0
1949,0.0,0.0,0.0,0.0
1950,0.0,0.0,0.0,0.0
1951,0.0,0.0,0.0,0.0
1952,0.0,0.0,0.0,0.0
1953,0.0,0.0,0.0,0.0
1954,0.0,0.0,0.0,0.0
1955,0.0,0.0,0.0,0.0
1956,0.0,0.0,0.0,0.0
1957,0.0,0.0,0.0,0.0
1958,0.0,0.0,0.0,0.0
1959,0.0,0.0,0.0,0.0
1960,0.0,0.0,0.0,0.0
1961,0.0,0.0,0.0,0.0
1962,0.0,0.0,0.0,0.0
1963,0.0,0.0,0.0,0.0
1964,0.0,0.0,0.0,0.0
1965,0.0,0.0,0.0,0.0
1966,0.0,0.0,0.0,0.0
1967,0.0,0.0,0.0,0.0
1968,0.0,0.0,0.0,0.0
1969,0.0,0.0,0.0,0.0
1970,0.0,0.0,0.0,0.0
1971,0.0,0.0,0.0,0.0
1972,0.0,0.0,0.0,0.0
1973,0.0,0.0,0.0,0.0
1974,0.0,0.0,0.0,0.0
1975,0.0,0.0,0.0,0.0
1976,0.0,0.0,0.0,0.0
1977,0.0,0.0,0.0,0.0
1978,0.0,0.0,0.0,0.0
1979,0.0,0.0,0.0,0.0
1980,0.0,0.0,0.0,0.0
1981,0.0,0.0,0.0,0.0
1982,0.0,0.0,0.0,0.0
1983,0.0,0.0,0.0,0.0
1984,0.0,0.0,0.0,0.0
1985,0.0,0.0,0.0,0.0
1986,0.0,0.0,0.0,0.0
1987,0.0,0.0,0.0,0.0
1988,0.0,0.0,0.0,0.0
1989,0.0,0.0,0.0,0.0
1990,0.0,0.0,0.0,0.0
1991,0.0,0.0,0.0,0.0
1992,0.0,0.0,0.0,0.0
1993,0.0,0.0,0.0,0.0
1994,0.0,0.0,0.0,0.0
1995,0.0,0.0,0.0,0.0
1996,0.0,0.0,0.0,0.0
1997,0.0,0.0,0.0,0.0
1998,0.0,0.0,0.0,0.0
1999,0.0,0.0,0.0,0.0
