,Iteration,Fitness,FEvals,Time,State,Restarts,max_iters,current_restart
0,0,1.0,0,0.00016683300054864958,"[0, 1, 1, 1, 0, 1, 0, 0, 1, 0]",100,1024,0
1,1,1.0,1,0.008967469000708661,"[0, 1, 1, 1, 0, 1, 0, 0, 1, 0]",100,1024,0
2,2,1.0,2,0.016283521999866934,"[0, 1, 1, 1, 0, 1, 0, 0, 1, 0]",100,1024,0
3,4,1.0,4,0.024646952999319183,"[0, 1, 1, 1, 0, 1, 0, 0, 1, 0]",100,1024,0
4,8,4.0,9,0.03176891600014642,"[1, 1, 1, 1, 0, 1, 0, 0, 1, 0]",100,1024,0
5,16,14.0,18,0.038282596000499325,"[1, 1, 1, 1, 0, 1, 0, 0, 0, 0]",100,1024,0
6,32,16.0,35,0.0459616799998912,"[1, 1, 1, 1, 1, 1, 0, 0, 0, 0]",100,1024,0
7,64,18.0,69,0.05714477299989085,"[1, 1, 1, 1, 1, 1, 1, 1, 0, 0]",100,1024,0
8,128,18.0,133,0.08349564299896883,"[1, 1, 1, 1, 1, 1, 1, 1, 0, 0]",100,1024,0
9,256,18.0,203,0.1139111270003923,"[1, 1, 1, 1, 1, 1, 1, 1, 0, 0]",100,1024,0
10,512,18.0,203,0.1139111270003923,"[1, 1, 1, 1, 1, 1, 1, 1, 0, 0]",100,1024,0
11,1024,18.0,203,0.1139111270003923,"[1, 1, 1, 1, 1, 1, 1, 1, 0, 0]",100,1024,0
12,0,12.0,203,0.12507991900019988,"[1, 1, 0, 1, 1, 0, 0, 1, 0, 0]",100,1024,1
13,1,12.0,204,0.13576193699918804,"[1, 1, 0, 1, 1, 0, 0, 1, 0, 0]",100,1024,1
14,2,15.0,206,0.148074947999703,"[1, 1, 1, 1, 1, 0, 0, 1, 0, 0]",100,1024,1
15,4,15.0,208,0.15915460799988068,"[1, 1, 1, 1, 1, 0, 0, 1, 0, 0]",100,1024,1
16,8,15.0,212,0.17011599599936744,"[1, 1, 1, 1, 1, 0, 0, 1, 0, 0]",100,1024,1
17,16,15.0,220,0.1812823729997035,"[1, 1, 1, 1, 1, 0, 0, 1, 0, 0]",100,1024,1
18,32,16.0,237,0.19571298200025922,"[1, 1, 1, 1, 1, 1, 0, 1, 0, 0]",100,1024,1
19,64,18.0,270,0.22303649999957997,"[1, 1, 1, 1, 1, 1, 1, 1, 0, 0]",100,1024,1
20,128,18.0,334,0.26541668999925605,"[1, 1, 1, 1, 1, 1, 1, 1, 0, 0]",100,1024,1
21,256,18.0,392,0.32253734299956704,"[1, 1, 1, 1, 1, 1, 1, 1, 0, 0]",100,1024,1
22,512,18.0,392,0.32253734299956704,"[1, 1, 1, 1, 1, 1, 1, 1, 0, 0]",100,1024,1
23,1024,18.0,392,0.32253734299956704,"[1, 1, 1, 1, 1, 1, 1, 1, 0, 0]",100,1024,1
24,0,2.0,392,0.335529972000586,"[1, 0, 0, 1, 0, 1, 1, 1, 0, 0]",100,1024,2
25,1,2.0,393,0.3457634229998803,"[1, 0, 0, 1, 0, 1, 1, 1, 0, 0]",100,1024,2
26,2,2.0,394,0.35547582000072,"[1, 0, 0, 1, 0, 1, 1, 1, 0, 0]",100,1024,2
27,4,2.0,396,0.3664934879998327,"[1, 0, 0, 1, 0, 1, 1, 1, 0, 0]",100,1024,2
28,8,2.0,400,0.37897545200030436,"[1, 0, 0, 1, 0, 1, 1, 1, 0, 0]",100,1024,2
29,16,4.0,410,0.39369610299945634,"[1, 0, 0, 1, 0, 1, 0, 0, 0, 0]",100,1024,2
30,32,16.0,428,0.4183662239993282,"[1, 1, 0, 1, 0, 0, 0, 0, 0, 0]",100,1024,2
31,64,18.0,461,0.4510230659998342,"[1, 1, 0, 0, 0, 0, 0, 0, 0, 0]",100,1024,2
32,128,18.0,525,0.5101999460002844,"[1, 1, 0, 0, 0, 0, 0, 0, 0, 0]",100,1024,2
33,256,18.0,596,0.5892760949991498,"[1, 1, 0, 0, 0, 0, 0, 0, 0, 0]",100,1024,2
34,512,18.0,596,0.5892760949991498,"[1, 1, 0, 0, 0, 0, 0, 0, 0, 0]",100,1024,2
35,1024,18.0,596,0.5892760949991498,"[1, 1, 0, 0, 0, 0, 0, 0, 0, 0]",100,1024,2
36,0,1.0,596,0.6012108100003388,"[0, 1, 1, 0, 0, 0, 0, 0, 1, 0]",100,1024,3
37,1,3.0,598,0.6139232810000976,"[1, 1, 1, 0, 0, 0, 0, 0, 1, 0]",100,1024,3
38,2,4.0,600,0.625831630999528,"[1, 1, 1, 1, 0, 0, 0, 0, 1, 0]",100,1024,3
39,4,4.0,602,0.6386943969991989,"[1, 1, 1, 1, 0, 0, 0, 0, 1, 0]",100,1024,3
40,8,4.0,606,0.6536729429990373,"[1, 1, 1, 1, 0, 0, 0, 0, 1, 0]",100,1024,3
41,16,16.0,615,0.6766894989996217,"[1, 1, 1, 1, 0, 0, 0, 0, 0, 0]",100,1024,3
42,32,18.0,633,0.7038683899991156,"[1, 1, 0, 0, 0, 0, 0, 0, 0, 0]",100,1024,3
43,64,18.0,665,0.7475057920000836,"[1, 1, 0, 0, 0, 0, 0, 0, 0, 0]",100,1024,3
44,128,18.0,729,0.8370675169990136,"[1, 1, 0, 0, 0, 0, 0, 0, 0, 0]",100,1024,3
45,256,18.0,775,0.8998626329994295,"[1, 1, 0, 0, 0, 0, 0, 0, 0, 0]",100,1024,3
46,512,18.0,775,0.8998626329994295,"[1, 1, 0, 0, 0, 0, 0, 0, 0, 0]",100,1024,3
47,1024,18.0,775,0.8998626329994295,"[1, 1, 0, 0, 0, 0, 0, 0, 0, 0]",100,1024,3
48,0,0.0,775,0.9139417700007471,"[0, 1, 0, 1, 0, 1, 1, 0, 0, 1]",100,1024,4
49,1,0.0,776,0.9278447710003093,"[0, 1, 0, 1, 0, 1, 1, 0, 0, 1]",100,1024,4
50,2,0.0,777,0.9428783429993928,"[0, 1, 0, 1, 0, 1, 1, 0, 0, 1]",100,1024,4
51,4,0.0,779,0.9609134099991934,"[0, 1, 0, 1, 0, 1, 1, 0, 0, 1]",100,1024,4
52,8,0.0,783,0.9822289629992156,"[0, 1, 0, 1, 0, 1, 1, 0, 0, 1]",100,1024,4
53,16,2.0,792,1.0105144680001104,"[1, 1, 0, 1, 0, 1, 1, 0, 0, 1]",100,1024,4
54,32,18.0,812,1.0502595889993245,"[1, 1, 1, 1, 1, 1, 1, 1, 0, 0]",100,1024,4
55,64,18.0,844,1.115864782999779,"[1, 1, 1, 1, 1, 1, 1, 1, 0, 0]",100,1024,4
56,128,18.0,908,1.2104737640001986,"[1, 1, 1, 1, 1, 1, 1, 1, 0, 0]",100,1024,4
57,256,18.0,959,1.313253338999857,"[1, 1, 1, 1, 1, 1, 1, 1, 0, 0]",100,1024,4
58,512,18.0,959,1.313253338999857,"[1, 1, 1, 1, 1, 1, 1, 1, 0, 0]",100,1024,4
59,1024,18.0,959,1.313253338999857,"[1, 1, 1, 1, 1, 1, 1, 1, 0, 0]",100,1024,4
60,0,0.0,959,1.3315036200001487,"[0, 0, 0, 1, 0, 0, 0, 0, 0, 1]",100,1024,5
61,1,0.0,960,1.3502325310000742,"[0, 0, 0, 1, 0, 0, 0, 0, 0, 1]",100,1024,5
62,2,0.0,961,1.3694904929998302,"[0, 0, 0, 1, 0, 0, 0, 0, 0, 1]",100,1024,5
63,4,1.0,964,1.389774891000343,"[1, 0, 0, 1, 0, 0, 0, 0, 0, 1]",100,1024,5
64,8,1.0,968,1.4123639230001572,"[1, 0, 0, 1, 0, 0, 0, 0, 0, 1]",100,1024,5
65,16,6.0,977,1.4409996340000362,"[1, 0, 0, 1, 0, 0, 0, 0, 0, 0]",100,1024,5
66,32,18.0,995,1.4833944509991852,"[1, 1, 0, 0, 0, 0, 0, 0, 0, 0]",100,1024,5
67,64,18.0,1027,1.5429603769989626,"[1, 1, 0, 0, 0, 0, 0, 0, 0, 0]",100,1024,5
68,128,18.0,1091,1.658149004999359,"[1, 1, 0, 0, 0, 0, 0, 0, 0, 0]",100,1024,5
69,256,18.0,1136,1.7543724249990191,"[1, 1, 0, 0, 0, 0, 0, 0, 0, 0]",100,1024,5
70,512,18.0,1136,1.7543724249990191,"[1, 1, 0, 0, 0, 0, 0, 0, 0, 0]",100,1024,5
71,1024,18.0,1136,1.7543724249990191,"[1, 1, 0, 0, 0, 0, 0, 0, 0, 0]",100,1024,5
72,0,1.0,1136,1.7730247489998874,"[0, 0, 0, 1, 1, 1, 1, 1, 1, 0]",100,1024,6
73,1,1.0,1137,1.7920478739997634,"[0, 0, 0, 1, 1, 1, 1, 1, 1, 0]",100,1024,6
74,2,1.0,1138,1.8126748829999997,"[0, 0, 0, 1, 1, 1, 1, 1, 1, 0]",100,1024,6
75,4,1.0,1140,1.8334954900001321,"[0, 0, 0, 1, 1, 1, 1, 1, 1, 0]",100,1024,6
76,8,1.0,1144,1.8595534840005712,"[0, 0, 0, 1, 1, 1, 1, 1, 1, 0]",100,1024,6
77,16,2.0,1153,1.8938157609991322,"[0, 0, 0, 1, 1, 1, 1, 1, 0, 0]",100,1024,6
78,32,4.0,1171,1.9386221719996684,"[0, 0, 0, 1, 1, 1, 0, 0, 0, 0]",100,1024,6
79,64,10.0,1206,2.0132968369998707,"[0, 0, 0, 0, 0, 0, 0, 0, 0, 0]",100,1024,6
80,128,10.0,1270,2.150102141999014,"[0, 0, 0, 0, 0, 0, 0, 0, 0, 0]",100,1024,6
81,256,10.0,1350,2.316996540999753,"[0, 0, 0, 0, 0, 0, 0, 0, 0, 0]",100,1024,6
82,512,10.0,1350,2.316996540999753,"[0, 0, 0, 0, 0, 0, 0, 0, 0, 0]",100,1024,6
83,1024,10.0,1350,2.316996540999753,"[0, 0, 0, 0, 0, 0, 0, 0, 0, 0]",100,1024,6
84,0,1.0,1350,2.338040139000441,"[1, 0, 0, 0, 1, 1, 0, 1, 1, 1]",100,1024,7
85,1,1.0,1351,2.3582678200000373,"[1, 0, 0, 0, 1, 1, 0, 1, 1, 1]",100,1024,7
86,2,2.0,1353,2.3796712450002815,"[1, 1, 0, 0, 1, 1, 0, 1, 1, 1]",100,1024,7
87,4,2.0,1355,2.403268582000237,"[1, 1, 0, 0, 1, 1, 0, 1, 1, 1]",100,1024,7
88,8,2.0,1359,2.434774360999654,"[1, 1, 0, 0, 1, 1, 0, 1, 1, 1]",100,1024,7
89,16,2.0,1367,2.477215396000247,"[1, 1, 0, 0, 1, 1, 0, 1, 1, 1]",100,1024,7
90,32,2.0,1383,2.542158037000263,"[1, 1, 0, 0, 1, 1, 0, 1, 1, 1]",100,1024,7
91,64,10.0,1418,2.654774271999486,"[1, 1, 1, 1, 1, 1, 1, 1, 1, 1]",100,1024,7
92,128,10.0,1482,2.8369764399994892,"[1, 1, 1, 1, 1, 1, 1, 1, 1, 1]",100,1024,7
93,256,10.0,1562,3.084481006000715,"[1, 1, 1, 1, 1, 1, 1, 1, 1, 1]",100,1024,7
94,512,10.0,1562,3.084481006000715,"[1, 1, 1, 1, 1, 1, 1, 1, 1, 1]",100,1024,7
95,1024,10.0,1562,3.084481006000715,"[1, 1, 1, 1, 1, 1, 1, 1, 1, 1]",100,1024,7
96,0,13.0,1562,3.1125508189998072,"[1, 1, 1, 0, 1, 0, 1, 0, 0, 0]",100,1024,8
97,1,13.0,1563,3.1387769379998645,"[1, 1, 1, 0, 1, 0, 1, 0, 0, 0]",100,1024,8
98,2,15.0,1565,3.1714883410004404,"[1, 1, 1, 1, 1, 0, 1, 0, 0, 0]",100,1024,8
99,4,15.0,1567,3.20646811000006,"[1, 1, 1, 1, 1, 0, 1, 0, 0, 0]",100,1024,8
100,8,15.0,1571,3.244729890999224,"[1, 1, 1, 1, 1, 0, 1, 0, 0, 0]",100,1024,8
101,16,15.0,1579,3.29972614899998,"[1, 1, 1, 1, 1, 0, 1, 0, 0, 0]",100,1024,8
102,32,18.0,1597,3.3736936200002674,"[1, 1, 1, 1, 1, 1, 1, 1, 0, 0]",100,1024,8
103,64,18.0,1629,3.4821781089995056,"[1, 1, 1, 1, 1, 1, 1, 1, 0, 0]",100,1024,8
104,128,18.0,1693,3.6891883299995243,"[1, 1, 1, 1, 1, 1, 1, 1, 0, 0]",100,1024,8
105,256,18.0,1743,3.8789775770001143,"[1, 1, 1, 1, 1, 1, 1, 1, 0, 0]",100,1024,8
106,512,18.0,1743,3.8789775770001143,"[1, 1, 1, 1, 1, 1, 1, 1, 0, 0]",100,1024,8
107,1024,18.0,1743,3.8789775770001143,"[1, 1, 1, 1, 1, 1, 1, 1, 0, 0]",100,1024,8
108,0,13.0,1743,3.9138895140004024,"[1, 1, 1, 0, 1, 1, 0, 1, 0, 0]",100,1024,9
109,1,13.0,1744,3.953853363000235,"[1, 1, 1, 0, 1, 1, 0, 1, 0, 0]",100,1024,9
110,2,16.0,1746,3.9935415649997594,"[1, 1, 1, 1, 1, 1, 0, 1, 0, 0]",100,1024,9
111,4,16.0,1748,4.03017376400021,"[1, 1, 1, 1, 1, 1, 0, 1, 0, 0]",100,1024,9
112,8,18.0,1753,4.078909335999924,"[1, 1, 1, 1, 1, 1, 1, 1, 0, 0]",100,1024,9
113,16,18.0,1761,4.137972837999769,"[1, 1, 1, 1, 1, 1, 1, 1, 0, 0]",100,1024,9
114,32,18.0,1777,4.233687205000024,"[1, 1, 1, 1, 1, 1, 1, 1, 0, 0]",100,1024,9
115,64,18.0,1809,4.395343513999251,"[1, 1, 1, 1, 1, 1, 1, 1, 0, 0]",100,1024,9
116,128,18.0,1873,4.646041223999418,"[1, 1, 1, 1, 1, 1, 1, 1, 0, 0]",100,1024,9
117,256,18.0,1903,4.782668509000359,"[1, 1, 1, 1, 1, 1, 1, 1, 0, 0]",100,1024,9
118,512,18.0,1903,4.782668509000359,"[1, 1, 1, 1, 1, 1, 1, 1, 0, 0]",100,1024,9
119,1024,18.0,1903,4.782668509000359,"[1, 1, 1, 1, 1, 1, 1, 1, 0, 0]",100,1024,9
120,0,1.0,1903,4.813792210999964,"[1, 0, 1, 0, 0, 1, 0, 0, 0, 1]",100,1024,10
121,1,1.0,1904,4.8448194220000005,"[1, 0, 1, 0, 0, 1, 0, 0, 0, 1]",100,1024,10
122,2,3.0,1906,4.879613979999704,"[1, 1, 1, 0, 0, 1, 0, 0, 0, 1]",100,1024,10
123,4,3.0,1908,4.911135394999292,"[1, 1, 1, 0, 0, 1, 0, 0, 0, 1]",100,1024,10
124,8,14.0,1913,4.951418655999078,"[1, 1, 1, 0, 0, 1, 0, 0, 0, 0]",100,1024,10
125,16,17.0,1922,5.001035991999743,"[1, 1, 1, 0, 0, 0, 0, 0, 0, 0]",100,1024,10
126,32,18.0,1939,5.069666208999479,"[1, 1, 0, 0, 0, 0, 0, 0, 0, 0]",100,1024,10
127,64,18.0,1971,5.191079616999559,"[1, 1, 0, 0, 0, 0, 0, 0, 0, 0]",100,1024,10
128,128,18.0,2035,5.394142654000461,"[1, 1, 0, 0, 0, 0, 0, 0, 0, 0]",100,1024,10
129,256,18.0,2074,5.539760395000485,"[1, 1, 0, 0, 0, 0, 0, 0, 0, 0]",100,1024,10
130,512,18.0,2074,5.539760395000485,"[1, 1, 0, 0, 0, 0, 0, 0, 0, 0]",100,1024,10
131,1024,18.0,2074,5.539760395000485,"[1, 1, 0, 0, 0, 0, 0, 0, 0, 0]",100,1024,10
132,0,1.0,2074,5.571828349000498,"[0, 1, 0, 0, 0, 0, 0, 0, 1, 0]",100,1024,11
133,1,1.0,2075,5.611690158999409,"[0, 1, 0, 0, 0, 0, 0, 0, 1, 0]",100,1024,11
134,2,1.0,2076,5.649141280000549,"[0, 1, 0, 0, 0, 0, 0, 0, 1, 0]",100,1024,11
135,4,1.0,2078,5.692411653999443,"[0, 1, 0, 0, 0, 0, 0, 0, 1, 0]",100,1024,11
136,8,8.0,2083,5.746760337999149,"[0, 1, 0, 0, 0, 0, 0, 0, 0, 0]",100,1024,11
137,16,10.0,2092,5.808109737999985,"[0, 0, 0, 0, 0, 0, 0, 0, 0, 0]",100,1024,11
138,32,10.0,2108,5.901106388000699,"[0, 0, 0, 0, 0, 0, 0, 0, 0, 0]",100,1024,11
139,64,10.0,2140,6.075297269999282,"[0, 0, 0, 0, 0, 0, 0, 0, 0, 0]",100,1024,11
140,128,10.0,2204,6.369837944999745,"[0, 0, 0, 0, 0, 0, 0, 0, 0, 0]",100,1024,11
141,256,10.0,2235,6.502902308999182,"[0, 0, 0, 0, 0, 0, 0, 0, 0, 0]",100,1024,11
142,512,10.0,2235,6.502902308999182,"[0, 0, 0, 0, 0, 0, 0, 0, 0, 0]",100,1024,11
143,1024,10.0,2235,6.502902308999182,"[0, 0, 0, 0, 0, 0, 0, 0, 0, 0]",100,1024,11
144,0,5.0,2235,6.531991445999665,"[1, 1, 1, 1, 1, 0, 1, 1, 0, 1]",100,1024,12
145,1,5.0,2236,6.563421083999856,"[1, 1, 1, 1, 1, 0, 1, 1, 0, 1]",100,1024,12
146,2,5.0,2237,6.593720591999954,"[1, 1, 1, 1, 1, 0, 1, 1, 0, 1]",100,1024,12
147,4,5.0,2239,6.626942916000189,"[1, 1, 1, 1, 1, 0, 1, 1, 0, 1]",100,1024,12
148,8,5.0,2243,6.666474407998976,"[1, 1, 1, 1, 1, 0, 1, 1, 0, 1]",100,1024,12
149,16,8.0,2252,6.718141757999547,"[1, 1, 1, 1, 1, 1, 1, 1, 0, 1]",100,1024,12
150,32,18.0,2269,6.805650496999078,"[1, 1, 1, 1, 1, 1, 1, 1, 0, 0]",100,1024,12
151,64,18.0,2301,6.966657335000491,"[1, 1, 1, 1, 1, 1, 1, 1, 0, 0]",100,1024,12
152,128,18.0,2365,7.278445387999454,"[1, 1, 1, 1, 1, 1, 1, 1, 0, 0]",100,1024,12
153,256,18.0,2404,7.524157808000382,"[1, 1, 1, 1, 1, 1, 1, 1, 0, 0]",100,1024,12
154,512,18.0,2404,7.524157808000382,"[1, 1, 1, 1, 1, 1, 1, 1, 0, 0]",100,1024,12
155,1024,18.0,2404,7.524157808000382,"[1, 1, 1, 1, 1, 1, 1, 1, 0, 0]",100,1024,12
156,0,1.0,2404,7.5648884090005595,"[1, 0, 1, 0, 1, 0, 1, 1, 1, 1]",100,1024,13
157,1,1.0,2405,7.6042775089990755,"[1, 0, 1, 0, 1, 0, 1, 1, 1, 1]",100,1024,13
158,2,1.0,2406,7.638607976999992,"[1, 0, 1, 0, 1, 0, 1, 1, 1, 1]",100,1024,13
159,4,1.0,2408,7.676875573999496,"[1, 0, 1, 0, 1, 0, 1, 1, 1, 1]",100,1024,13
160,8,1.0,2412,7.729732691999743,"[1, 0, 1, 0, 1, 0, 1, 1, 1, 1]",100,1024,13
161,16,1.0,2420,7.789561438999954,"[1, 0, 1, 0, 1, 0, 1, 1, 1, 1]",100,1024,13
162,32,3.0,2437,7.886603266999373,"[1, 1, 1, 0, 1, 0, 1, 1, 1, 1]",100,1024,13
163,64,10.0,2471,8.08069472600073,"[1, 1, 1, 1, 1, 1, 1, 1, 1, 1]",100,1024,13
164,128,10.0,2535,8.393727222999587,"[1, 1, 1, 1, 1, 1, 1, 1, 1, 1]",100,1024,13
165,256,10.0,2600,8.71015129099942,"[1, 1, 1, 1, 1, 1, 1, 1, 1, 1]",100,1024,13
166,512,10.0,2600,8.71015129099942,"[1, 1, 1, 1, 1, 1, 1, 1, 1, 1]",100,1024,13
167,1024,10.0,2600,8.71015129099942,"[1, 1, 1, 1, 1, 1, 1, 1, 1, 1]",100,1024,13
168,0,2.0,2600,8.748324473999674,"[0, 0, 1, 1, 1, 1, 0, 1, 0, 0]",100,1024,14
169,1,2.0,2601,8.792938267999489,"[0, 0, 1, 1, 1, 1, 0, 1, 0, 0]",100,1024,14
170,2,2.0,2602,8.848231521000343,"[0, 0, 1, 1, 1, 1, 0, 1, 0, 0]",100,1024,14
171,4,4.0,2605,8.900129383999229,"[0, 0, 1, 1, 1, 1, 0, 0, 0, 0]",100,1024,14
172,8,5.0,2610,8.954411643999265,"[0, 0, 1, 1, 1, 0, 0, 0, 0, 0]",100,1024,14
173,16,5.0,2618,9.022477223999886,"[0, 0, 1, 1, 1, 0, 0, 0, 0, 0]",100,1024,14
174,32,6.0,2635,9.119528814999285,"[0, 0, 1, 1, 0, 0, 0, 0, 0, 0]",100,1024,14
175,64,10.0,2669,9.32648373200027,"[0, 0, 0, 0, 0, 0, 0, 0, 0, 0]",100,1024,14
176,128,10.0,2733,9.668979772999592,"[0, 0, 0, 0, 0, 0, 0, 0, 0, 0]",100,1024,14
177,256,10.0,2797,10.04595425700063,"[0, 0, 0, 0, 0, 0, 0, 0, 0, 0]",100,1024,14
178,512,10.0,2797,10.04595425700063,"[0, 0, 0, 0, 0, 0, 0, 0, 0, 0]",100,1024,14
179,1024,10.0,2797,10.04595425700063,"[0, 0, 0, 0, 0, 0, 0, 0, 0, 0]",100,1024,14
180,0,0.0,2797,10.09259522299908,"[0, 1, 1, 1, 0, 1, 1, 0, 1, 1]",100,1024,15
181,1,0.0,2798,10.140214835000734,"[0, 1, 1, 1, 0, 1, 1, 0, 1, 1]",100,1024,15
182,2,0.0,2799,10.188972653999372,"[0, 1, 1, 1, 0, 1, 1, 0, 1, 1]",100,1024,15
183,4,4.0,2802,10.235286797000299,"[1, 1, 1, 1, 0, 1, 1, 0, 1, 1]",100,1024,15
184,8,4.0,2806,10.305521411999507,"[1, 1, 1, 1, 0, 1, 1, 0, 1, 1]",100,1024,15
185,16,4.0,2814,10.401654908000637,"[1, 1, 1, 1, 0, 1, 1, 0, 1, 1]",100,1024,15
186,32,10.0,2832,10.51963601100033,"[1, 1, 1, 1, 1, 1, 1, 1, 1, 1]",100,1024,15
187,64,10.0,2864,10.7066260470001,"[1, 1, 1, 1, 1, 1, 1, 1, 1, 1]",100,1024,15
188,128,10.0,2928,11.030959195999458,"[1, 1, 1, 1, 1, 1, 1, 1, 1, 1]",100,1024,15
189,256,10.0,2982,11.350877609000236,"[1, 1, 1, 1, 1, 1, 1, 1, 1, 1]",100,1024,15
190,512,10.0,2982,11.350877609000236,"[1, 1, 1, 1, 1, 1, 1, 1, 1, 1]",100,1024,15
191,1024,10.0,2982,11.350877609000236,"[1, 1, 1, 1, 1, 1, 1, 1, 1, 1]",100,1024,15
192,0,15.0,2982,11.401751806999528,"[1, 1, 0, 1, 1, 0, 0, 0, 0, 0]",100,1024,16
193,1,15.0,2983,11.458294804999241,"[1, 1, 0, 1, 1, 0, 0, 0, 0, 0]",100,1024,16
194,2,15.0,2984,11.516899219999686,"[1, 1, 0, 1, 1, 0, 0, 0, 0, 0]",100,1024,16
195,4,16.0,2987,11.58127527599936,"[1, 1, 0, 1, 0, 0, 0, 0, 0, 0]",100,1024,16
196,8,16.0,2991,11.651967407000484,"[1, 1, 0, 1, 0, 0, 0, 0, 0, 0]",100,1024,16
197,16,18.0,3000,11.74502817299981,"[1, 1, 0, 0, 0, 0, 0, 0, 0, 0]",100,1024,16
198,32,18.0,3016,11.877057821999188,"[1, 1, 0, 0, 0, 0, 0, 0, 0, 0]",100,1024,16
199,64,18.0,3048,12.074998087000495,"[1, 1, 0, 0, 0, 0, 0, 0, 0, 0]",100,1024,16
200,128,18.0,3112,12.44334967299983,"[1, 1, 0, 0, 0, 0, 0, 0, 0, 0]",100,1024,16
201,256,18.0,3144,12.649143349999576,"[1, 1, 0, 0, 0, 0, 0, 0, 0, 0]",100,1024,16
202,512,18.0,3144,12.649143349999576,"[1, 1, 0, 0, 0, 0, 0, 0, 0, 0]",100,1024,16
203,1024,18.0,3144,12.649143349999576,"[1, 1, 0, 0, 0, 0, 0, 0, 0, 0]",100,1024,16
204,0,1.0,3144,12.698390665000261,"[1, 0, 1, 0, 1, 1, 0, 1, 0, 1]",100,1024,17
205,1,2.0,3146,12.752525163999962,"[1, 0, 1, 0, 1, 1, 0, 1, 0, 0]",100,1024,17
206,2,13.0,3148,12.810555501000636,"[1, 1, 1, 0, 1, 1, 0, 1, 0, 0]",100,1024,17
207,4,16.0,3151,12.871393964000163,"[1, 1, 1, 1, 1, 1, 0, 1, 0, 0]",100,1024,17
208,8,18.0,3156,12.936977862000276,"[1, 1, 1, 1, 1, 1, 1, 1, 0, 0]",100,1024,17
209,16,18.0,3164,13.021353826999984,"[1, 1, 1, 1, 1, 1, 1, 1, 0, 0]",100,1024,17
210,32,18.0,3180,13.137145791999501,"[1, 1, 1, 1, 1, 1, 1, 1, 0, 0]",100,1024,17
211,64,18.0,3212,13.343760456000382,"[1, 1, 1, 1, 1, 1, 1, 1, 0, 0]",100,1024,17
212,128,18.0,3276,13.736990097999296,"[1, 1, 1, 1, 1, 1, 1, 1, 0, 0]",100,1024,17
213,256,18.0,3305,13.951872646999618,"[1, 1, 1, 1, 1, 1, 1, 1, 0, 0]",100,1024,17
214,512,18.0,3305,13.951872646999618,"[1, 1, 1, 1, 1, 1, 1, 1, 0, 0]",100,1024,17
215,1024,18.0,3305,13.951872646999618,"[1, 1, 1, 1, 1, 1, 1, 1, 0, 0]",100,1024,17
216,0,3.0,3305,14.00323902799937,"[1, 1, 1, 0, 1, 1, 0, 1, 1, 1]",100,1024,18
217,1,3.0,3306,14.060248658999626,"[1, 1, 1, 0, 1, 1, 0, 1, 1, 1]",100,1024,18
218,2,3.0,3307,14.108025277999332,"[1, 1, 1, 0, 1, 1, 0, 1, 1, 1]",100,1024,18
219,4,3.0,3309,14.161660130999735,"[1, 1, 1, 0, 1, 1, 0, 1, 1, 1]",100,1024,18
220,8,3.0,3313,14.227946315999361,"[1, 1, 1, 0, 1, 1, 0, 1, 1, 1]",100,1024,18
221,16,6.0,3322,14.324916468000083,"[1, 1, 1, 1, 1, 1, 0, 1, 1, 1]",100,1024,18
222,32,10.0,3339,14.4781417840004,"[1, 1, 1, 1, 1, 1, 1, 1, 1, 1]",100,1024,18
223,64,10.0,3371,14.718286520999754,"[1, 1, 1, 1, 1, 1, 1, 1, 1, 1]",100,1024,18
224,128,10.0,3435,15.160420950000116,"[1, 1, 1, 1, 1, 1, 1, 1, 1, 1]",100,1024,18
225,256,10.0,3478,15.421282687999337,"[1, 1, 1, 1, 1, 1, 1, 1, 1, 1]",100,1024,18
226,512,10.0,3478,15.421282687999337,"[1, 1, 1, 1, 1, 1, 1, 1, 1, 1]",100,1024,18
227,1024,10.0,3478,15.421282687999337,"[1, 1, 1, 1, 1, 1, 1, 1, 1, 1]",100,1024,18
228,0,4.0,3478,15.468706347999614,"[1, 1, 1, 1, 0, 0, 0, 0, 0, 1]",100,1024,19
229,1,4.0,3479,15.528575794000062,"[1, 1, 1, 1, 0, 0, 0, 0, 0, 1]",100,1024,19
230,2,4.0,3480,15.593984245999309,"[1, 1, 1, 1, 0, 0, 0, 0, 0, 1]",100,1024,19
231,4,4.0,3482,15.66514114399979,"[1, 1, 1, 1, 0, 0, 0, 0, 0, 1]",100,1024,19
232,8,16.0,3487,15.745785139999498,"[1, 1, 1, 1, 0, 0, 0, 0, 0, 0]",100,1024,19
233,16,17.0,3496,15.845249870999396,"[1, 1, 1, 0, 0, 0, 0, 0, 0, 0]",100,1024,19
234,32,18.0,3513,15.972153869999602,"[1, 1, 0, 0, 0, 0, 0, 0, 0, 0]",100,1024,19
235,64,18.0,3545,16.18936752099944,"[1, 1, 0, 0, 0, 0, 0, 0, 0, 0]",100,1024,19
236,128,18.0,3609,16.57903369199994,"[1, 1, 0, 0, 0, 0, 0, 0, 0, 0]",100,1024,19
237,256,18.0,3654,16.855112633000317,"[1, 1, 0, 0, 0, 0, 0, 0, 0, 0]",100,1024,19
238,512,18.0,3654,16.855112633000317,"[1, 1, 0, 0, 0, 0, 0, 0, 0, 0]",100,1024,19
239,1024,18.0,3654,16.855112633000317,"[1, 1, 0, 0, 0, 0, 0, 0, 0, 0]",100,1024,19
240,0,1.0,3654,16.896425020000606,"[0, 0, 1, 0, 1, 1, 0, 0, 1, 0]",100,1024,20
241,1,1.0,3655,16.94624248999935,"[0, 0, 1, 0, 1, 1, 0, 0, 1, 0]",100,1024,20
242,2,1.0,3656,16.997327144999872,"[0, 0, 1, 0, 1, 1, 0, 0, 1, 0]",100,1024,20
243,4,1.0,3658,17.049902868000572,"[0, 0, 1, 0, 1, 1, 0, 0, 1, 0]",100,1024,20
244,8,1.0,3662,17.112693192000734,"[0, 0, 1, 0, 1, 1, 0, 0, 1, 0]",100,1024,20
245,16,4.0,3671,17.19658909700047,"[0, 0, 1, 0, 1, 1, 0, 0, 0, 0]",100,1024,20
246,32,10.0,3690,17.317399251000097,"[0, 0, 0, 0, 0, 0, 0, 0, 0, 0]",100,1024,20
247,64,10.0,3722,17.5682707699998,"[0, 0, 0, 0, 0, 0, 0, 0, 0, 0]",100,1024,20
248,128,10.0,3786,18.028593883000212,"[0, 0, 0, 0, 0, 0, 0, 0, 0, 0]",100,1024,20
249,256,10.0,3840,18.41957560300034,"[0, 0, 0, 0, 0, 0, 0, 0, 0, 0]",100,1024,20
250,512,10.0,3840,18.41957560300034,"[0, 0, 0, 0, 0, 0, 0, 0, 0, 0]",100,1024,20
251,1024,10.0,3840,18.41957560300034,"[0, 0, 0, 0, 0, 0, 0, 0, 0, 0]",100,1024,20
252,0,2.0,3840,18.473306408999633,"[1, 1, 0, 1, 1, 0, 0, 0, 0, 1]",100,1024,21
253,1,2.0,3841,18.522719587999745,"[1, 1, 0, 1, 1, 0, 0, 0, 0, 1]",100,1024,21
254,2,2.0,3842,18.573611469000753,"[1, 1, 0, 1, 1, 0, 0, 0, 0, 1]",100,1024,21
255,4,2.0,3844,18.631792415000746,"[1, 1, 0, 1, 1, 0, 0, 0, 0, 1]",100,1024,21
256,8,5.0,3849,18.702170913000373,"[1, 1, 1, 1, 1, 0, 0, 0, 0, 1]",100,1024,21
257,16,6.0,3858,18.79398373799995,"[1, 1, 1, 1, 1, 1, 0, 0, 0, 1]",100,1024,21
258,32,16.0,3875,18.92725590199916,"[1, 1, 1, 1, 1, 1, 0, 0, 0, 0]",100,1024,21
259,64,18.0,3909,19.136503962999996,"[1, 1, 1, 1, 1, 1, 1, 1, 0, 0]",100,1024,21
260,128,18.0,3973,19.578781223999613,"[1, 1, 1, 1, 1, 1, 1, 1, 0, 0]",100,1024,21
261,256,18.0,4034,19.98713299100018,"[1, 1, 1, 1, 1, 1, 1, 1, 0, 0]",100,1024,21
262,512,18.0,4034,19.98713299100018,"[1, 1, 1, 1, 1, 1, 1, 1, 0, 0]",100,1024,21
263,1024,18.0,4034,19.98713299100018,"[1, 1, 1, 1, 1, 1, 1, 1, 0, 0]",100,1024,21
264,0,1.0,4034,20.03376444800051,"[1, 0, 1, 0, 1, 1, 1, 1, 0, 1]",100,1024,22
265,1,1.0,4035,20.08535486999972,"[1, 0, 1, 0, 1, 1, 1, 1, 0, 1]",100,1024,22
266,2,2.0,4037,20.141717855000024,"[1, 0, 1, 0, 1, 1, 1, 1, 0, 0]",100,1024,22
267,4,13.0,4040,20.20097503099896,"[1, 1, 1, 0, 1, 1, 1, 1, 0, 0]",100,1024,22
268,8,13.0,4044,20.273332291999395,"[1, 1, 1, 0, 1, 1, 1, 1, 0, 0]",100,1024,22
269,16,13.0,4052,20.363018127000032,"[1, 1, 1, 0, 1, 1, 1, 1, 0, 0]",100,1024,22
270,32,18.0,4069,20.49663710099958,"[1, 1, 1, 1, 1, 1, 1, 1, 0, 0]",100,1024,22
271,64,18.0,4101,20.722024179000073,"[1, 1, 1, 1, 1, 1, 1, 1, 0, 0]",100,1024,22
272,128,18.0,4165,21.182221941000535,"[1, 1, 1, 1, 1, 1, 1, 1, 0, 0]",100,1024,22
273,256,18.0,4209,21.50833636400057,"[1, 1, 1, 1, 1, 1, 1, 1, 0, 0]",100,1024,22
274,512,18.0,4209,21.50833636400057,"[1, 1, 1, 1, 1, 1, 1, 1, 0, 0]",100,1024,22
275,1024,18.0,4209,21.50833636400057,"[1, 1, 1, 1, 1, 1, 1, 1, 0, 0]",100,1024,22
276,0,3.0,4209,21.558437219000552,"[1, 1, 1, 0, 1, 1, 0, 0, 1, 0]",100,1024,23
277,1,3.0,4210,21.616295513000296,"[1, 1, 1, 0, 1, 1, 0, 0, 1, 0]",100,1024,23
278,2,3.0,4211,21.673659097999916,"[1, 1, 1, 0, 1, 1, 0, 0, 1, 0]",100,1024,23
279,4,14.0,4214,21.73836846300037,"[1, 1, 1, 0, 1, 1, 0, 0, 0, 0]",100,1024,23
280,8,14.0,4218,21.81503599200005,"[1, 1, 1, 0, 1, 1, 0, 0, 0, 0]",100,1024,23
281,16,15.0,4227,21.91508491499917,"[1, 1, 1, 0, 1, 0, 0, 0, 0, 0]",100,1024,23
282,32,17.0,4244,22.06414613599918,"[1, 1, 1, 0, 0, 0, 0, 0, 0, 0]",100,1024,23
283,64,18.0,4277,22.318655064000268,"[1, 1, 0, 0, 0, 0, 0, 0, 0, 0]",100,1024,23
284,128,18.0,4341,22.770104483999603,"[1, 1, 0, 0, 0, 0, 0, 0, 0, 0]",100,1024,23
285,256,18.0,4403,23.231433475999438,"[1, 1, 0, 0, 0, 0, 0, 0, 0, 0]",100,1024,23
286,512,18.0,4403,23.231433475999438,"[1, 1, 0, 0, 0, 0, 0, 0, 0, 0]",100,1024,23
287,1024,18.0,4403,23.231433475999438,"[1, 1, 0, 0, 0, 0, 0, 0, 0, 0]",100,1024,23
288,0,1.0,4403,23.285363577999306,"[1, 0, 1, 0, 1, 1, 0, 0, 1, 1]",100,1024,24
289,1,1.0,4404,23.3431709409997,"[1, 0, 1, 0, 1, 1, 0, 0, 1, 1]",100,1024,24
290,2,1.0,4405,23.40353963400048,"[1, 0, 1, 0, 1, 1, 0, 0, 1, 1]",100,1024,24
291,4,1.0,4407,23.471575191999364,"[1, 0, 1, 0, 1, 1, 0, 0, 1, 1]",100,1024,24
292,8,3.0,4412,23.553806824000276,"[1, 1, 1, 0, 1, 1, 0, 0, 1, 1]",100,1024,24
293,16,7.0,4422,23.65697355699922,"[1, 1, 1, 1, 1, 1, 1, 0, 1, 1]",100,1024,24
294,32,10.0,4439,23.811756568999044,"[1, 1, 1, 1, 1, 1, 1, 1, 1, 1]",100,1024,24
295,64,10.0,4471,24.087212825999814,"[1, 1, 1, 1, 1, 1, 1, 1, 1, 1]",100,1024,24
296,128,10.0,4535,24.585147690999293,"[1, 1, 1, 1, 1, 1, 1, 1, 1, 1]",100,1024,24
297,256,10.0,4589,25.011599372999626,"[1, 1, 1, 1, 1, 1, 1, 1, 1, 1]",100,1024,24
298,512,10.0,4589,25.011599372999626,"[1, 1, 1, 1, 1, 1, 1, 1, 1, 1]",100,1024,24
299,1024,10.0,4589,25.011599372999626,"[1, 1, 1, 1, 1, 1, 1, 1, 1, 1]",100,1024,24
300,0,0.0,4589,25.066585934000614,"[0, 1, 1, 1, 0, 0, 0, 1, 0, 1]",100,1024,25
301,1,0.0,4590,25.125123900999824,"[0, 1, 1, 1, 0, 0, 0, 1, 0, 1]",100,1024,25
302,2,0.0,4591,25.186044259999107,"[0, 1, 1, 1, 0, 0, 0, 1, 0, 1]",100,1024,25
303,4,0.0,4593,25.252580844000477,"[0, 1, 1, 1, 0, 0, 0, 1, 0, 1]",100,1024,25
304,8,0.0,4597,25.33172362699952,"[0, 1, 1, 1, 0, 0, 0, 1, 0, 1]",100,1024,25
305,16,0.0,4605,25.44660843100064,"[0, 1, 1, 1, 0, 0, 0, 1, 0, 1]",100,1024,25
306,32,6.0,4623,25.601872709999952,"[0, 1, 1, 1, 0, 0, 0, 0, 0, 0]",100,1024,25
307,64,18.0,4658,25.880049220999354,"[1, 1, 0, 0, 0, 0, 0, 0, 0, 0]",100,1024,25
308,128,18.0,4722,26.402494672000103,"[1, 1, 0, 0, 0, 0, 0, 0, 0, 0]",100,1024,25
309,256,18.0,4793,26.96360302299945,"[1, 1, 0, 0, 0, 0, 0, 0, 0, 0]",100,1024,25
310,512,18.0,4793,26.96360302299945,"[1, 1, 0, 0, 0, 0, 0, 0, 0, 0]",100,1024,25
311,1024,18.0,4793,26.96360302299945,"[1, 1, 0, 0, 0, 0, 0, 0, 0, 0]",100,1024,25
312,0,2.0,4793,27.027378255999793,"[1, 1, 0, 1, 1, 0, 0, 0, 1, 1]",100,1024,26
313,1,2.0,4794,27.09766928799945,"[1, 1, 0, 1, 1, 0, 0, 0, 1, 1]",100,1024,26
314,2,2.0,4795,27.171643387000586,"[1, 1, 0, 1, 1, 0, 0, 0, 1, 1]",100,1024,26
315,4,2.0,4797,27.24448947199926,"[1, 1, 0, 1, 1, 0, 0, 0, 1, 1]",100,1024,26
316,8,2.0,4801,27.33071640200069,"[1, 1, 0, 1, 1, 0, 0, 0, 1, 1]",100,1024,26
317,16,6.0,4811,27.465423277999435,"[1, 1, 1, 1, 1, 1, 0, 0, 1, 1]",100,1024,26
318,32,10.0,4829,27.650654089000454,"[1, 1, 1, 1, 1, 1, 1, 1, 1, 1]",100,1024,26
319,64,10.0,4861,27.93340924900076,"[1, 1, 1, 1, 1, 1, 1, 1, 1, 1]",100,1024,26
320,128,10.0,4925,28.465386117999515,"[1, 1, 1, 1, 1, 1, 1, 1, 1, 1]",100,1024,26
321,256,10.0,4971,28.862755746999028,"[1, 1, 1, 1, 1, 1, 1, 1, 1, 1]",100,1024,26
322,512,10.0,4971,28.862755746999028,"[1, 1, 1, 1, 1, 1, 1, 1, 1, 1]",100,1024,26
323,1024,10.0,4971,28.862755746999028,"[1, 1, 1, 1, 1, 1, 1, 1, 1, 1]",100,1024,26
324,0,1.0,4971,28.921170777999578,"[1, 0, 0, 1, 1, 1, 1, 1, 1, 1]",100,1024,27
325,1,2.0,4973,28.99259032199916,"[1, 1, 0, 1, 1, 1, 1, 1, 1, 1]",100,1024,27
326,2,2.0,4974,29.06788245200005,"[1, 1, 0, 1, 1, 1, 1, 1, 1, 1]",100,1024,27
327,4,2.0,4976,29.15521364199958,"[1, 1, 0, 1, 1, 1, 1, 1, 1, 1]",100,1024,27
328,8,10.0,4981,29.26973009500034,"[1, 1, 1, 1, 1, 1, 1, 1, 1, 1]",100,1024,27
329,16,10.0,4989,29.398185386999103,"[1, 1, 1, 1, 1, 1, 1, 1, 1, 1]",100,1024,27
330,32,10.0,5005,29.575471334999747,"[1, 1, 1, 1, 1, 1, 1, 1, 1, 1]",100,1024,27
331,64,10.0,5037,29.874343748000683,"[1, 1, 1, 1, 1, 1, 1, 1, 1, 1]",100,1024,27
332,128,10.0,5101,30.414438624000468,"[1, 1, 1, 1, 1, 1, 1, 1, 1, 1]",100,1024,27
333,256,10.0,5128,30.672719513999255,"[1, 1, 1, 1, 1, 1, 1, 1, 1, 1]",100,1024,27
334,512,10.0,5128,30.672719513999255,"[1, 1, 1, 1, 1, 1, 1, 1, 1, 1]",100,1024,27
335,1024,10.0,5128,30.672719513999255,"[1, 1, 1, 1, 1, 1, 1, 1, 1, 1]",100,1024,27
336,0,7.0,5128,30.742024311999558,"[0, 1, 1, 0, 0, 0, 0, 0, 0, 0]",100,1024,28
337,1,7.0,5129,30.81516935199943,"[0, 1, 1, 0, 0, 0, 0, 0, 0, 0]",100,1024,28
338,2,7.0,5130,30.88815988299939,"[0, 1, 1, 0, 0, 0, 0, 0, 0, 0]",100,1024,28
339,4,7.0,5132,30.960235935999663,"[0, 1, 1, 0, 0, 0, 0, 0, 0, 0]",100,1024,28
340,8,17.0,5137,31.047546372999932,"[1, 1, 1, 0, 0, 0, 0, 0, 0, 0]",100,1024,28
341,16,18.0,5146,31.16937330499968,"[1, 1, 0, 0, 0, 0, 0, 0, 0, 0]",100,1024,28
342,32,18.0,5162,31.357844672000283,"[1, 1, 0, 0, 0, 0, 0, 0, 0, 0]",100,1024,28
343,64,18.0,5194,31.655806033999397,"[1, 1, 0, 0, 0, 0, 0, 0, 0, 0]",100,1024,28
344,128,18.0,5258,32.21139646099982,"[1, 1, 0, 0, 0, 0, 0, 0, 0, 0]",100,1024,28
345,256,18.0,5294,32.54942798000047,"[1, 1, 0, 0, 0, 0, 0, 0, 0, 0]",100,1024,28
346,512,18.0,5294,32.54942798000047,"[1, 1, 0, 0, 0, 0, 0, 0, 0, 0]",100,1024,28
347,1024,18.0,5294,32.54942798000047,"[1, 1, 0, 0, 0, 0, 0, 0, 0, 0]",100,1024,28
348,0,0.0,5294,32.61058188300012,"[0, 1, 1, 1, 0, 1, 1, 0, 1, 1]",100,1024,29
349,1,4.0,5296,32.6786854460006,"[1, 1, 1, 1, 0, 1, 1, 0, 1, 1]",100,1024,29
350,2,4.0,5297,32.75280809799915,"[1, 1, 1, 1, 0, 1, 1, 0, 1, 1]",100,1024,29
351,4,10.0,5301,32.83156579000024,"[1, 1, 1, 1, 1, 1, 1, 1, 1, 1]",100,1024,29
352,8,10.0,5305,32.92628961099945,"[1, 1, 1, 1, 1, 1, 1, 1, 1, 1]",100,1024,29
353,16,10.0,5313,33.052570977999494,"[1, 1, 1, 1, 1, 1, 1, 1, 1, 1]",100,1024,29
354,32,10.0,5329,33.239318158999595,"[1, 1, 1, 1, 1, 1, 1, 1, 1, 1]",100,1024,29
355,64,10.0,5361,33.55071428299925,"[1, 1, 1, 1, 1, 1, 1, 1, 1, 1]",100,1024,29
356,128,10.0,5425,34.12996322700019,"[1, 1, 1, 1, 1, 1, 1, 1, 1, 1]",100,1024,29
357,256,10.0,5451,34.41711142699933,"[1, 1, 1, 1, 1, 1, 1, 1, 1, 1]",100,1024,29
358,512,10.0,5451,34.41711142699933,"[1, 1, 1, 1, 1, 1, 1, 1, 1, 1]",100,1024,29
359,1024,10.0,5451,34.41711142699933,"[1, 1, 1, 1, 1, 1, 1, 1, 1, 1]",100,1024,29
360,0,1.0,5451,34.48093226799938,"[1, 0, 0, 0, 1, 0, 0, 0, 0, 1]",100,1024,30
361,1,2.0,5453,34.55636007999965,"[1, 1, 0, 0, 1, 0, 0, 0, 0, 1]",100,1024,30
362,2,2.0,5454,34.629322972999944,"[1, 1, 0, 0, 1, 0, 0, 0, 0, 1]",100,1024,30
363,4,2.0,5456,34.72639834099937,"[1, 1, 0, 0, 1, 0, 0, 0, 0, 1]",100,1024,30
364,8,15.0,5461,34.83284936900054,"[1, 1, 0, 0, 1, 0, 0, 0, 0, 0]",100,1024,30
365,16,15.0,5469,34.97859007099942,"[1, 1, 0, 0, 1, 0, 0, 0, 0, 0]",100,1024,30
366,32,18.0,5486,35.16877832099999,"[1, 1, 0, 0, 0, 0, 0, 0, 0, 0]",100,1024,30
367,64,18.0,5518,35.49401607400068,"[1, 1, 0, 0, 0, 0, 0, 0, 0, 0]",100,1024,30
368,128,18.0,5582,36.12395730500066,"[1, 1, 0, 0, 0, 0, 0, 0, 0, 0]",100,1024,30
369,256,18.0,5626,36.549169416999575,"[1, 1, 0, 0, 0, 0, 0, 0, 0, 0]",100,1024,30
370,512,18.0,5626,36.549169416999575,"[1, 1, 0, 0, 0, 0, 0, 0, 0, 0]",100,1024,30
371,1024,18.0,5626,36.549169416999575,"[1, 1, 0, 0, 0, 0, 0, 0, 0, 0]",100,1024,30
372,0,1.0,5626,36.61856876599995,"[0, 0, 1, 0, 1, 0, 0, 0, 1, 0]",100,1024,31
373,1,1.0,5627,36.69707061100053,"[0, 0, 1, 0, 1, 0, 0, 0, 1, 0]",100,1024,31
374,2,1.0,5628,36.775640861000284,"[0, 0, 1, 0, 1, 0, 0, 0, 1, 0]",100,1024,31
375,4,1.0,5630,36.858244539000225,"[0, 0, 1, 0, 1, 0, 0, 0, 1, 0]",100,1024,31
376,8,5.0,5635,36.95747569000014,"[0, 0, 1, 0, 1, 0, 0, 0, 0, 0]",100,1024,31
377,16,5.0,5643,37.09721041100056,"[0, 0, 1, 0, 1, 0, 0, 0, 0, 0]",100,1024,31
378,32,5.0,5659,37.31021353399956,"[0, 0, 1, 0, 1, 0, 0, 0, 0, 0]",100,1024,31
379,64,7.0,5692,37.62938454200048,"[0, 0, 1, 0, 0, 0, 0, 0, 0, 0]",100,1024,31
380,128,10.0,5757,38.223599847000514,"[0, 0, 0, 0, 0, 0, 0, 0, 0, 0]",100,1024,31
381,256,10.0,5844,39.03930267999931,"[0, 0, 0, 0, 0, 0, 0, 0, 0, 0]",100,1024,31
382,512,10.0,5844,39.03930267999931,"[0, 0, 0, 0, 0, 0, 0, 0, 0, 0]",100,1024,31
383,1024,10.0,5844,39.03930267999931,"[0, 0, 0, 0, 0, 0, 0, 0, 0, 0]",100,1024,31
384,0,1.0,5844,39.11319632499908,"[1, 0, 0, 1, 0, 1, 0, 1, 0, 1]",100,1024,32
385,1,2.0,5846,39.195922724999036,"[1, 0, 0, 1, 0, 1, 0, 1, 0, 0]",100,1024,32
386,2,4.0,5848,39.27484368799924,"[1, 0, 0, 1, 0, 1, 0, 0, 0, 0]",100,1024,32
387,4,14.0,5851,39.36715903699951,"[1, 1, 0, 1, 0, 1, 0, 0, 0, 0]",100,1024,32
388,8,16.0,5856,39.47632069499923,"[1, 1, 0, 1, 0, 0, 0, 0, 0, 0]",100,1024,32
389,16,16.0,5864,39.64501449999989,"[1, 1, 0, 1, 0, 0, 0, 0, 0, 0]",100,1024,32
390,32,18.0,5881,39.85213004999969,"[1, 1, 0, 0, 0, 0, 0, 0, 0, 0]",100,1024,32
391,64,18.0,5913,40.20234205399902,"[1, 1, 0, 0, 0, 0, 0, 0, 0, 0]",100,1024,32
392,128,18.0,5977,40.81860119900011,"[1, 1, 0, 0, 0, 0, 0, 0, 0, 0]",100,1024,32
393,256,18.0,6019,41.25177559099939,"[1, 1, 0, 0, 0, 0, 0, 0, 0, 0]",100,1024,32
394,512,18.0,6019,41.25177559099939,"[1, 1, 0, 0, 0, 0, 0, 0, 0, 0]",100,1024,32
395,1024,18.0,6019,41.25177559099939,"[1, 1, 0, 0, 0, 0, 0, 0, 0, 0]",100,1024,32
396,0,2.0,6019,41.32187054299902,"[1, 1, 0, 1, 0, 1, 1, 1, 1, 1]",100,1024,33
397,1,2.0,6020,41.39923399299914,"[1, 1, 0, 1, 0, 1, 1, 1, 1, 1]",100,1024,33
398,2,2.0,6021,41.477772374999404,"[1, 1, 0, 1, 0, 1, 1, 1, 1, 1]",100,1024,33
399,4,2.0,6023,41.571728042999894,"[1, 1, 0, 1, 0, 1, 1, 1, 1, 1]",100,1024,33
400,8,2.0,6027,41.67969945100049,"[1, 1, 0, 1, 0, 1, 1, 1, 1, 1]",100,1024,33
401,16,10.0,6037,41.82445066099899,"[1, 1, 1, 1, 1, 1, 1, 1, 1, 1]",100,1024,33
402,32,10.0,6053,42.038912710999284,"[1, 1, 1, 1, 1, 1, 1, 1, 1, 1]",100,1024,33
403,64,10.0,6085,42.40677868700004,"[1, 1, 1, 1, 1, 1, 1, 1, 1, 1]",100,1024,33
404,128,10.0,6149,43.06721222700071,"[1, 1, 1, 1, 1, 1, 1, 1, 1, 1]",100,1024,33
405,256,10.0,6181,43.43235989799905,"[1, 1, 1, 1, 1, 1, 1, 1, 1, 1]",100,1024,33
406,512,10.0,6181,43.43235989799905,"[1, 1, 1, 1, 1, 1, 1, 1, 1, 1]",100,1024,33
407,1024,10.0,6181,43.43235989799905,"[1, 1, 1, 1, 1, 1, 1, 1, 1, 1]",100,1024,33
408,0,1.0,6181,43.506139695000456,"[1, 0, 1, 1, 0, 0, 1, 1, 0, 1]",100,1024,34
409,1,1.0,6182,43.592378335999456,"[1, 0, 1, 1, 0, 0, 1, 1, 0, 1]",100,1024,34
410,2,1.0,6183,43.68108726399987,"[1, 0, 1, 1, 0, 0, 1, 1, 0, 1]",100,1024,34
411,4,1.0,6185,43.7747724740002,"[1, 0, 1, 1, 0, 0, 1, 1, 0, 1]",100,1024,34
412,8,3.0,6191,43.87734185000045,"[1, 0, 1, 1, 0, 0, 1, 0, 0, 0]",100,1024,34
413,16,3.0,6199,44.022062936999646,"[1, 0, 1, 1, 0, 0, 1, 0, 0, 0]",100,1024,34
414,32,17.0,6218,44.25207598999987,"[1, 1, 1, 0, 0, 0, 0, 0, 0, 0]",100,1024,34
415,64,18.0,6251,44.60658674399929,"[1, 1, 0, 0, 0, 0, 0, 0, 0, 0]",100,1024,34
416,128,18.0,6315,45.29143425800066,"[1, 1, 0, 0, 0, 0, 0, 0, 0, 0]",100,1024,34
417,256,18.0,6389,46.08584017499925,"[1, 1, 0, 0, 0, 0, 0, 0, 0, 0]",100,1024,34
418,512,18.0,6389,46.08584017499925,"[1, 1, 0, 0, 0, 0, 0, 0, 0, 0]",100,1024,34
419,1024,18.0,6389,46.08584017499925,"[1, 1, 0, 0, 0, 0, 0, 0, 0, 0]",100,1024,34
420,0,1.0,6389,46.161270352999054,"[1, 0, 1, 0, 0, 0, 0, 0, 1, 0]",100,1024,35
421,1,3.0,6391,46.241043886000625,"[1, 1, 1, 0, 0, 0, 0, 0, 1, 0]",100,1024,35
422,2,3.0,6392,46.33264917499946,"[1, 1, 1, 0, 0, 0, 0, 0, 1, 0]",100,1024,35
423,4,3.0,6394,46.428351765000116,"[1, 1, 1, 0, 0, 0, 0, 0, 1, 0]",100,1024,35
424,8,17.0,6399,46.553186053999525,"[1, 1, 1, 0, 0, 0, 0, 0, 0, 0]",100,1024,35
425,16,17.0,6407,46.70683901099983,"[1, 1, 1, 0, 0, 0, 0, 0, 0, 0]",100,1024,35
426,32,18.0,6424,46.934346025000195,"[1, 1, 0, 0, 0, 0, 0, 0, 0, 0]",100,1024,35
427,64,18.0,6456,47.31002569500015,"[1, 1, 0, 0, 0, 0, 0, 0, 0, 0]",100,1024,35
428,128,18.0,6520,48.12800484699983,"[1, 1, 0, 0, 0, 0, 0, 0, 0, 0]",100,1024,35
429,256,18.0,6561,48.60235871000077,"[1, 1, 0, 0, 0, 0, 0, 0, 0, 0]",100,1024,35
430,512,18.0,6561,48.60235871000077,"[1, 1, 0, 0, 0, 0, 0, 0, 0, 0]",100,1024,35
431,1024,18.0,6561,48.60235871000077,"[1, 1, 0, 0, 0, 0, 0, 0, 0, 0]",100,1024,35
432,0,0.0,6561,48.67817808700056,"[0, 1, 0, 0, 0, 0, 0, 1, 0, 1]",100,1024,36
433,1,0.0,6562,48.7717981450005,"[0, 1, 0, 0, 0, 0, 0, 1, 0, 1]",100,1024,36
434,2,2.0,6564,48.85929463799948,"[0, 1, 0, 0, 0, 0, 0, 1, 0, 0]",100,1024,36
435,4,2.0,6566,48.95553052700052,"[0, 1, 0, 0, 0, 0, 0, 1, 0, 0]",100,1024,36
436,8,12.0,6571,49.06710228299926,"[1, 1, 0, 0, 0, 0, 0, 1, 0, 0]",100,1024,36
437,16,13.0,6580,49.2294698959995,"[1, 1, 1, 0, 0, 0, 0, 1, 0, 0]",100,1024,36
438,32,14.0,6597,49.470626897998955,"[1, 1, 1, 1, 0, 0, 0, 1, 0, 0]",100,1024,36
439,64,18.0,6632,49.88325643999997,"[1, 1, 1, 1, 1, 1, 1, 1, 0, 0]",100,1024,36
440,128,18.0,6696,50.564498518999244,"[1, 1, 1, 1, 1, 1, 1, 1, 0, 0]",100,1024,36
441,256,18.0,6772,51.37167514000066,"[1, 1, 1, 1, 1, 1, 1, 1, 0, 0]",100,1024,36
442,512,18.0,6772,51.37167514000066,"[1, 1, 1, 1, 1, 1, 1, 1, 0, 0]",100,1024,36
443,1024,18.0,6772,51.37167514000066,"[1, 1, 1, 1, 1, 1, 1, 1, 0, 0]",100,1024,36
444,0,0.0,6772,51.452320743999735,"[0, 1, 0, 0, 1, 0, 1, 0, 1, 1]",100,1024,37
445,1,0.0,6773,51.54881416799981,"[0, 1, 0, 0, 1, 0, 1, 0, 1, 1]",100,1024,37
446,2,0.0,6774,51.63833535899903,"[0, 1, 0, 0, 1, 0, 1, 0, 1, 1]",100,1024,37
447,4,0.0,6776,51.75604390400076,"[0, 1, 0, 0, 1, 0, 1, 0, 1, 1]",100,1024,37
448,8,0.0,6780,51.879947827999786,"[0, 1, 0, 0, 1, 0, 1, 0, 1, 1]",100,1024,37
449,16,2.0,6789,52.03921232799985,"[1, 1, 0, 0, 1, 0, 1, 0, 1, 1]",100,1024,37
450,32,5.0,6807,52.27891692400044,"[1, 1, 1, 1, 1, 0, 1, 0, 1, 1]",100,1024,37
451,64,7.0,6840,52.67630556400036,"[1, 1, 1, 1, 1, 1, 1, 0, 1, 1]",100,1024,37
452,128,10.0,6905,53.43416049900043,"[1, 1, 1, 1, 1, 1, 1, 1, 1, 1]",100,1024,37
453,256,10.0,6995,54.42787549700006,"[1, 1, 1, 1, 1, 1, 1, 1, 1, 1]",100,1024,37
454,512,10.0,6995,54.42787549700006,"[1, 1, 1, 1, 1, 1, 1, 1, 1, 1]",100,1024,37
455,1024,10.0,6995,54.42787549700006,"[1, 1, 1, 1, 1, 1, 1, 1, 1, 1]",100,1024,37
456,0,0.0,6995,54.5120162610001,"[0, 1, 1, 1, 1, 0, 0, 1, 0, 1]",100,1024,38
457,1,0.0,6996,54.60781845299971,"[0, 1, 1, 1, 1, 0, 0, 1, 0, 1]",100,1024,38
458,2,0.0,6997,54.69946509100009,"[0, 1, 1, 1, 1, 0, 0, 1, 0, 1]",100,1024,38
459,4,5.0,7000,54.804644187999656,"[1, 1, 1, 1, 1, 0, 0, 1, 0, 1]",100,1024,38
460,8,6.0,7005,54.92822514799991,"[1, 1, 1, 1, 1, 1, 0, 1, 0, 1]",100,1024,38
461,16,6.0,7013,55.09136084199963,"[1, 1, 1, 1, 1, 1, 0, 1, 0, 1]",100,1024,38
462,32,18.0,7031,55.368210128999635,"[1, 1, 1, 1, 1, 1, 1, 1, 0, 0]",100,1024,38
463,64,18.0,7063,55.82932789900042,"[1, 1, 1, 1, 1, 1, 1, 1, 0, 0]",100,1024,38
464,128,18.0,7127,56.6443886069992,"[1, 1, 1, 1, 1, 1, 1, 1, 0, 0]",100,1024,38
465,256,18.0,7180,57.27640407800027,"[1, 1, 1, 1, 1, 1, 1, 1, 0, 0]",100,1024,38
466,512,18.0,7180,57.27640407800027,"[1, 1, 1, 1, 1, 1, 1, 1, 0, 0]",100,1024,38
467,1024,18.0,7180,57.27640407800027,"[1, 1, 1, 1, 1, 1, 1, 1, 0, 0]",100,1024,38
468,0,2.0,7180,57.36113164800008,"[0, 1, 0, 0, 0, 1, 1, 1, 0, 0]",100,1024,39
469,1,2.0,7181,57.46233985099934,"[0, 1, 0, 0, 0, 1, 1, 1, 0, 0]",100,1024,39
470,2,2.0,7182,57.574330641000415,"[0, 1, 0, 0, 0, 1, 1, 1, 0, 0]",100,1024,39
471,4,13.0,7186,57.68746772799932,"[1, 1, 0, 0, 0, 1, 1, 0, 0, 0]",100,1024,39
472,8,13.0,7190,57.820482822000486,"[1, 1, 0, 0, 0, 1, 1, 0, 0, 0]",100,1024,39
473,16,13.0,7198,57.98230934999992,"[1, 1, 0, 0, 0, 1, 1, 0, 0, 0]",100,1024,39
474,32,14.0,7215,58.230012726000496,"[1, 1, 0, 0, 0, 1, 0, 0, 0, 0]",100,1024,39
475,64,18.0,7248,58.653682513000604,"[1, 1, 0, 0, 0, 0, 0, 0, 0, 0]",100,1024,39
476,128,18.0,7312,59.41666457999963,"[1, 1, 0, 0, 0, 0, 0, 0, 0, 0]",100,1024,39
477,256,18.0,7386,60.331863539999176,"[1, 1, 0, 0, 0, 0, 0, 0, 0, 0]",100,1024,39
478,512,18.0,7386,60.331863539999176,"[1, 1, 0, 0, 0, 0, 0, 0, 0, 0]",100,1024,39
479,1024,18.0,7386,60.331863539999176,"[1, 1, 0, 0, 0, 0, 0, 0, 0, 0]",100,1024,39
480,0,1.0,7386,60.41701791599917,"[1, 0, 1, 1, 0, 1, 1, 1, 1, 0]",100,1024,40
481,1,1.0,7387,60.519802679998975,"[1, 0, 1, 1, 0, 1, 1, 1, 1, 0]",100,1024,40
482,2,2.0,7389,60.62854289799907,"[1, 0, 1, 1, 0, 1, 1, 1, 0, 0]",100,1024,40
483,4,2.0,7391,60.731766394999795,"[1, 0, 1, 1, 0, 1, 1, 1, 0, 0]",100,1024,40
484,8,14.0,7396,60.858796464999614,"[1, 1, 1, 1, 0, 1, 1, 1, 0, 0]",100,1024,40
485,16,14.0,7404,61.032318777999535,"[1, 1, 1, 1, 0, 1, 1, 1, 0, 0]",100,1024,40
486,32,14.0,7420,61.33255954500055,"[1, 1, 1, 1, 0, 1, 1, 1, 0, 0]",100,1024,40
487,64,18.0,7453,61.77138691499931,"[1, 1, 1, 1, 1, 1, 1, 1, 0, 0]",100,1024,40
488,128,18.0,7517,62.54875996800001,"[1, 1, 1, 1, 1, 1, 1, 1, 0, 0]",100,1024,40
489,256,18.0,7575,63.28272396099965,"[1, 1, 1, 1, 1, 1, 1, 1, 0, 0]",100,1024,40
490,512,18.0,7575,63.28272396099965,"[1, 1, 1, 1, 1, 1, 1, 1, 0, 0]",100,1024,40
491,1024,18.0,7575,63.28272396099965,"[1, 1, 1, 1, 1, 1, 1, 1, 0, 0]",100,1024,40
492,0,1.0,7575,63.375542600999324,"[1, 0, 1, 0, 0, 1, 0, 0, 0, 1]",100,1024,41
493,1,1.0,7576,63.47243898600027,"[1, 0, 1, 0, 0, 1, 0, 0, 0, 1]",100,1024,41
494,2,1.0,7577,63.57430058299906,"[1, 0, 1, 0, 0, 1, 0, 0, 0, 1]",100,1024,41
495,4,4.0,7580,63.688254247999794,"[1, 0, 1, 0, 0, 1, 0, 0, 0, 0]",100,1024,41
496,8,4.0,7584,63.82074406600077,"[1, 0, 1, 0, 0, 1, 0, 0, 0, 0]",100,1024,41
497,16,17.0,7594,64.00068616399949,"[1, 1, 1, 0, 0, 0, 0, 0, 0, 0]",100,1024,41
498,32,17.0,7610,64.26897744800044,"[1, 1, 1, 0, 0, 0, 0, 0, 0, 0]",100,1024,41
499,64,18.0,7643,64.73915962699903,"[1, 1, 0, 0, 0, 0, 0, 0, 0, 0]",100,1024,41
500,128,18.0,7707,65.54840975300067,"[1, 1, 0, 0, 0, 0, 0, 0, 0, 0]",100,1024,41
501,256,18.0,7769,66.3805960869995,"[1, 1, 0, 0, 0, 0, 0, 0, 0, 0]",100,1024,41
502,512,18.0,7769,66.3805960869995,"[1, 1, 0, 0, 0, 0, 0, 0, 0, 0]",100,1024,41
503,1024,18.0,7769,66.3805960869995,"[1, 1, 0, 0, 0, 0, 0, 0, 0, 0]",100,1024,41
504,0,3.0,7769,66.47639471100047,"[1, 0, 1, 1, 0, 0, 1, 0, 0, 0]",100,1024,42
505,1,6.0,7771,66.58098007599983,"[1, 0, 1, 1, 0, 0, 0, 0, 0, 0]",100,1024,42
506,2,6.0,7772,66.68455759300014,"[1, 0, 1, 1, 0, 0, 0, 0, 0, 0]",100,1024,42
507,4,6.0,7774,66.79571072699946,"[1, 0, 1, 1, 0, 0, 0, 0, 0, 0]",100,1024,42
508,8,6.0,7778,66.93284287300048,"[1, 0, 1, 1, 0, 0, 0, 0, 0, 0]",100,1024,42
509,16,6.0,7786,67.11601753899959,"[1, 0, 1, 1, 0, 0, 0, 0, 0, 0]",100,1024,42
510,32,18.0,7805,67.40548758499972,"[1, 1, 0, 0, 0, 0, 0, 0, 0, 0]",100,1024,42
511,64,18.0,7837,67.85736509299932,"[1, 1, 0, 0, 0, 0, 0, 0, 0, 0]",100,1024,42
512,128,18.0,7901,68.68770630700055,"[1, 1, 0, 0, 0, 0, 0, 0, 0, 0]",100,1024,42
513,256,18.0,7949,69.35247401299966,"[1, 1, 0, 0, 0, 0, 0, 0, 0, 0]",100,1024,42
514,512,18.0,7949,69.35247401299966,"[1, 1, 0, 0, 0, 0, 0, 0, 0, 0]",100,1024,42
515,1024,18.0,7949,69.35247401299966,"[1, 1, 0, 0, 0, 0, 0, 0, 0, 0]",100,1024,42
516,0,1.0,7949,69.44190293400061,"[1, 0, 1, 1, 0, 1, 0, 1, 1, 1]",100,1024,43
517,1,1.0,7950,69.54610203800075,"[1, 0, 1, 1, 0, 1, 0, 1, 1, 1]",100,1024,43
518,2,1.0,7951,69.64478407599927,"[1, 0, 1, 1, 0, 1, 0, 1, 1, 1]",100,1024,43
519,4,1.0,7953,69.76714781900046,"[1, 0, 1, 1, 0, 1, 0, 1, 1, 1]",100,1024,43
520,8,6.0,7959,69.90626773499935,"[1, 1, 1, 1, 1, 1, 0, 1, 1, 1]",100,1024,43
521,16,10.0,7968,70.08898039700034,"[1, 1, 1, 1, 1, 1, 1, 1, 1, 1]",100,1024,43
522,32,10.0,7984,70.37341322000066,"[1, 1, 1, 1, 1, 1, 1, 1, 1, 1]",100,1024,43
523,64,10.0,8016,70.85269679799967,"[1, 1, 1, 1, 1, 1, 1, 1, 1, 1]",100,1024,43
524,128,10.0,8080,71.72674262100008,"[1, 1, 1, 1, 1, 1, 1, 1, 1, 1]",100,1024,43
525,256,10.0,8113,72.20845377200021,"[1, 1, 1, 1, 1, 1, 1, 1, 1, 1]",100,1024,43
526,512,10.0,8113,72.20845377200021,"[1, 1, 1, 1, 1, 1, 1, 1, 1, 1]",100,1024,43
527,1024,10.0,8113,72.20845377200021,"[1, 1, 1, 1, 1, 1, 1, 1, 1, 1]",100,1024,43
528,0,1.0,8113,72.29895641700023,"[1, 0, 0, 1, 1, 1, 0, 1, 1, 0]",100,1024,44
529,1,1.0,8114,72.4133988249996,"[1, 0, 0, 1, 1, 1, 0, 1, 1, 0]",100,1024,44
530,2,2.0,8116,72.51971139700072,"[1, 1, 0, 1, 1, 1, 0, 1, 1, 0]",100,1024,44
531,4,12.0,8119,72.63684407499932,"[1, 1, 0, 1, 1, 1, 0, 1, 0, 0]",100,1024,44
532,8,16.0,8124,72.77384496599916,"[1, 1, 1, 1, 1, 1, 0, 1, 0, 0]",100,1024,44
533,16,16.0,8132,72.9680324609999,"[1, 1, 1, 1, 1, 1, 0, 1, 0, 0]",100,1024,44
534,32,18.0,8149,73.25313815899972,"[1, 1, 1, 1, 1, 1, 1, 1, 0, 0]",100,1024,44
535,64,18.0,8181,73.71691568799906,"[1, 1, 1, 1, 1, 1, 1, 1, 0, 0]",100,1024,44
536,128,18.0,8245,74.62950486499903,"[1, 1, 1, 1, 1, 1, 1, 1, 0, 0]",100,1024,44
537,256,18.0,8286,75.21568254900012,"[1, 1, 1, 1, 1, 1, 1, 1, 0, 0]",100,1024,44
538,512,18.0,8286,75.21568254900012,"[1, 1, 1, 1, 1, 1, 1, 1, 0, 0]",100,1024,44
539,1024,18.0,8286,75.21568254900012,"[1, 1, 1, 1, 1, 1, 1, 1, 0, 0]",100,1024,44
540,0,6.0,8286,75.30780348699955,"[1, 1, 1, 1, 1, 1, 0, 1, 1, 0]",100,1024,45
541,1,6.0,8287,75.41537554500064,"[1, 1, 1, 1, 1, 1, 0, 1, 1, 0]",100,1024,45
542,2,6.0,8288,75.52753394499996,"[1, 1, 1, 1, 1, 1, 0, 1, 1, 0]",100,1024,45
543,4,16.0,8291,75.647115243999,"[1, 1, 1, 1, 1, 1, 0, 1, 0, 0]",100,1024,45
544,8,18.0,8296,75.79923434500051,"[1, 1, 1, 1, 1, 1, 1, 1, 0, 0]",100,1024,45
545,16,18.0,8304,75.99991401800071,"[1, 1, 1, 1, 1, 1, 1, 1, 0, 0]",100,1024,45
546,32,18.0,8320,76.33316923699931,"[1, 1, 1, 1, 1, 1, 1, 1, 0, 0]",100,1024,45
547,64,18.0,8352,76.89910482699997,"[1, 1, 1, 1, 1, 1, 1, 1, 0, 0]",100,1024,45
548,128,18.0,8416,77.82142174599903,"[1, 1, 1, 1, 1, 1, 1, 1, 0, 0]",100,1024,45
549,256,18.0,8443,78.26244280299943,"[1, 1, 1, 1, 1, 1, 1, 1, 0, 0]",100,1024,45
550,512,18.0,8443,78.26244280299943,"[1, 1, 1, 1, 1, 1, 1, 1, 0, 0]",100,1024,45
551,1024,18.0,8443,78.26244280299943,"[1, 1, 1, 1, 1, 1, 1, 1, 0, 0]",100,1024,45
552,0,3.0,8443,78.35613438600012,"[1, 1, 1, 0, 0, 0, 0, 1, 1, 1]",100,1024,46
553,1,3.0,8444,78.48435910499938,"[1, 1, 1, 0, 0, 0, 0, 1, 1, 1]",100,1024,46
554,2,3.0,8445,78.6121538009993,"[1, 1, 1, 0, 0, 0, 0, 1, 1, 1]",100,1024,46
555,4,3.0,8447,78.73652171100002,"[1, 1, 1, 0, 0, 0, 0, 1, 1, 1]",100,1024,46
556,8,3.0,8451,78.8903253339995,"[1, 1, 1, 0, 0, 0, 0, 1, 1, 1]",100,1024,46
557,16,4.0,8460,79.07865813699937,"[1, 1, 1, 1, 0, 0, 0, 1, 1, 1]",100,1024,46
558,32,4.0,8476,79.39053035500001,"[1, 1, 1, 1, 0, 0, 0, 1, 1, 1]",100,1024,46
559,64,10.0,8511,79.936460162,"[1, 1, 1, 1, 1, 1, 1, 1, 1, 1]",100,1024,46
560,128,10.0,8575,80.84626335400026,"[1, 1, 1, 1, 1, 1, 1, 1, 1, 1]",100,1024,46
561,256,10.0,8646,81.8511200640005,"[1, 1, 1, 1, 1, 1, 1, 1, 1, 1]",100,1024,46
562,512,10.0,8646,81.8511200640005,"[1, 1, 1, 1, 1, 1, 1, 1, 1, 1]",100,1024,46
563,1024,10.0,8646,81.8511200640005,"[1, 1, 1, 1, 1, 1, 1, 1, 1, 1]",100,1024,46
564,0,2.0,8646,81.9542557700006,"[1, 0, 0, 0, 0, 1, 1, 1, 0, 0]",100,1024,47
565,1,3.0,8648,82.07252175500071,"[1, 0, 0, 0, 0, 1, 1, 0, 0, 0]",100,1024,47
566,2,3.0,8649,82.18108779700015,"[1, 0, 0, 0, 0, 1, 1, 0, 0, 0]",100,1024,47
567,4,13.0,8652,82.30552992000048,"[1, 1, 0, 0, 0, 1, 1, 0, 0, 0]",100,1024,47
568,8,13.0,8656,82.45062177599902,"[1, 1, 0, 0, 0, 1, 1, 0, 0, 0]",100,1024,47
569,16,13.0,8664,82.64766883899938,"[1, 1, 0, 0, 0, 1, 1, 0, 0, 0]",100,1024,47
570,32,18.0,8682,82.95860273499966,"[1, 1, 0, 0, 0, 0, 0, 0, 0, 0]",100,1024,47
571,64,18.0,8714,83.47250605000045,"[1, 1, 0, 0, 0, 0, 0, 0, 0, 0]",100,1024,47
572,128,18.0,8778,84.39014109299933,"[1, 1, 0, 0, 0, 0, 0, 0, 0, 0]",100,1024,47
573,256,18.0,8832,85.25064155799919,"[1, 1, 0, 0, 0, 0, 0, 0, 0, 0]",100,1024,47
574,512,18.0,8832,85.25064155799919,"[1, 1, 0, 0, 0, 0, 0, 0, 0, 0]",100,1024,47
575,1024,18.0,8832,85.25064155799919,"[1, 1, 0, 0, 0, 0, 0, 0, 0, 0]",100,1024,47
576,0,0.0,8832,85.35123004699926,"[0, 0, 0, 0, 0, 1, 1, 0, 1, 1]",100,1024,48
577,1,0.0,8833,85.4703465370003,"[0, 0, 0, 0, 0, 1, 1, 0, 1, 1]",100,1024,48
578,2,1.0,8835,85.58829452099963,"[0, 0, 0, 0, 0, 1, 1, 0, 1, 0]",100,1024,48
579,4,1.0,8837,85.71950670300066,"[0, 0, 0, 0, 0, 1, 1, 0, 1, 0]",100,1024,48
580,8,1.0,8841,85.881525023,"[0, 0, 0, 0, 0, 1, 1, 0, 1, 0]",100,1024,48
581,16,1.0,8849,86.09684342000037,"[0, 0, 0, 0, 0, 1, 1, 0, 1, 0]",100,1024,48
582,32,1.0,8865,86.41361060899908,"[0, 0, 0, 0, 0, 1, 1, 0, 1, 0]",100,1024,48
583,64,3.0,8898,86.9225598819994,"[0, 0, 0, 0, 0, 1, 1, 0, 0, 0]",100,1024,48
584,128,10.0,8964,87.91490484799942,"[0, 0, 0, 0, 0, 0, 0, 0, 0, 0]",100,1024,48
585,256,10.0,9066,89.36718714100061,"[0, 0, 0, 0, 0, 0, 0, 0, 0, 0]",100,1024,48
586,512,10.0,9066,89.36718714100061,"[0, 0, 0, 0, 0, 0, 0, 0, 0, 0]",100,1024,48
587,1024,10.0,9066,89.36718714100061,"[0, 0, 0, 0, 0, 0, 0, 0, 0, 0]",100,1024,48
588,0,3.0,9066,89.47433782000007,"[1, 0, 1, 1, 1, 1, 1, 0, 0, 0]",100,1024,49
589,1,3.0,9067,89.59914834200026,"[1, 0, 1, 1, 1, 1, 1, 0, 0, 0]",100,1024,49
590,2,3.0,9068,89.7562105449997,"[1, 0, 1, 1, 1, 1, 1, 0, 0, 0]",100,1024,49
591,4,3.0,9070,89.906997692,"[1, 0, 1, 1, 1, 1, 1, 0, 0, 0]",100,1024,49
592,8,3.0,9074,90.09097491899956,"[1, 0, 1, 1, 1, 1, 1, 0, 0, 0]",100,1024,49
593,16,4.0,9083,90.33858399500059,"[1, 0, 1, 1, 1, 1, 0, 0, 0, 0]",100,1024,49
594,32,17.0,9103,90.68326055999933,"[1, 1, 1, 1, 1, 1, 1, 0, 0, 0]",100,1024,49
595,64,18.0,9136,91.29801053799929,"[1, 1, 1, 1, 1, 1, 1, 1, 0, 0]",100,1024,49
596,128,18.0,9200,92.45899144699979,"[1, 1, 1, 1, 1, 1, 1, 1, 0, 0]",100,1024,49
597,256,18.0,9266,93.61649151900019,"[1, 1, 1, 1, 1, 1, 1, 1, 0, 0]",100,1024,49
598,512,18.0,9266,93.61649151900019,"[1, 1, 1, 1, 1, 1, 1, 1, 0, 0]",100,1024,49
599,1024,18.0,9266,93.61649151900019,"[1, 1, 1, 1, 1, 1, 1, 1, 0, 0]",100,1024,49
600,0,2.0,9266,93.72499412300022,"[1, 1, 0, 0, 0, 1, 1, 1, 1, 0]",100,1024,50
601,1,2.0,9267,93.84597455099902,"[1, 1, 0, 0, 0, 1, 1, 1, 1, 0]",100,1024,50
602,2,12.0,9269,93.96985712999958,"[1, 1, 0, 0, 0, 1, 1, 1, 0, 0]",100,1024,50
603,4,12.0,9271,94.09711589399922,"[1, 1, 0, 0, 0, 1, 1, 1, 0, 0]",100,1024,50
604,8,12.0,9275,94.25186704000043,"[1, 1, 0, 0, 0, 1, 1, 1, 0, 0]",100,1024,50
605,16,14.0,9285,94.4675519400007,"[1, 1, 0, 0, 0, 1, 0, 0, 0, 0]",100,1024,50
606,32,18.0,9302,94.80349153399948,"[1, 1, 0, 0, 0, 0, 0, 0, 0, 0]",100,1024,50
607,64,18.0,9334,95.34575470799973,"[1, 1, 0, 0, 0, 0, 0, 0, 0, 0]",100,1024,50
608,128,18.0,9398,96.31079871399925,"[1, 1, 0, 0, 0, 0, 0, 0, 0, 0]",100,1024,50
609,256,18.0,9442,97.0368206660005,"[1, 1, 0, 0, 0, 0, 0, 0, 0, 0]",100,1024,50
610,512,18.0,9442,97.0368206660005,"[1, 1, 0, 0, 0, 0, 0, 0, 0, 0]",100,1024,50
611,1024,18.0,9442,97.0368206660005,"[1, 1, 0, 0, 0, 0, 0, 0, 0, 0]",100,1024,50
612,0,1.0,9442,97.15053410600012,"[0, 0, 0, 1, 1, 1, 1, 0, 1, 0]",100,1024,51
613,1,1.0,9443,97.27189127900056,"[0, 0, 0, 1, 1, 1, 1, 0, 1, 0]",100,1024,51
614,2,1.0,9444,97.39133589300036,"[0, 0, 0, 1, 1, 1, 1, 0, 1, 0]",100,1024,51
615,4,1.0,9446,97.54659710300075,"[0, 0, 0, 1, 1, 1, 1, 0, 1, 0]",100,1024,51
616,8,4.0,9452,97.73347629099953,"[0, 0, 0, 1, 1, 1, 0, 0, 0, 0]",100,1024,51
617,16,5.0,9461,97.96141721099957,"[0, 0, 0, 1, 1, 0, 0, 0, 0, 0]",100,1024,51
618,32,5.0,9477,98.29210042699924,"[0, 0, 0, 1, 1, 0, 0, 0, 0, 0]",100,1024,51
619,64,10.0,9511,98.85012561000076,"[0, 0, 0, 0, 0, 0, 0, 0, 0, 0]",100,1024,51
620,128,10.0,9575,99.89367650500026,"[0, 0, 0, 0, 0, 0, 0, 0, 0, 0]",100,1024,51
621,256,10.0,9656,101.19911476999914,"[0, 0, 0, 0, 0, 0, 0, 0, 0, 0]",100,1024,51
622,512,10.0,9656,101.19911476999914,"[0, 0, 0, 0, 0, 0, 0, 0, 0, 0]",100,1024,51
623,1024,10.0,9656,101.19911476999914,"[0, 0, 0, 0, 0, 0, 0, 0, 0, 0]",100,1024,51
624,0,1.0,9656,101.30905812799938,"[1, 0, 1, 1, 0, 0, 1, 1, 1, 0]",100,1024,52
625,1,1.0,9657,101.43480817099953,"[1, 0, 1, 1, 0, 0, 1, 1, 1, 0]",100,1024,52
626,2,1.0,9658,101.56702213800054,"[1, 0, 1, 1, 0, 0, 1, 1, 1, 0]",100,1024,52
627,4,1.0,9660,101.70928771800027,"[1, 0, 1, 1, 0, 0, 1, 1, 1, 0]",100,1024,52
628,8,4.0,9665,101.87609499999962,"[1, 1, 1, 1, 0, 0, 1, 1, 1, 0]",100,1024,52
629,16,5.0,9674,102.10942135799996,"[1, 1, 1, 1, 1, 0, 1, 1, 1, 0]",100,1024,52
630,32,18.0,9692,102.45328696599972,"[1, 1, 1, 1, 1, 1, 1, 1, 0, 0]",100,1024,52
631,64,18.0,9724,103.02554560099998,"[1, 1, 1, 1, 1, 1, 1, 1, 0, 0]",100,1024,52
632,128,18.0,9788,104.11275992399896,"[1, 1, 1, 1, 1, 1, 1, 1, 0, 0]",100,1024,52
633,256,18.0,9830,104.82426598799975,"[1, 1, 1, 1, 1, 1, 1, 1, 0, 0]",100,1024,52
634,512,18.0,9830,104.82426598799975,"[1, 1, 1, 1, 1, 1, 1, 1, 0, 0]",100,1024,52
635,1024,18.0,9830,104.82426598799975,"[1, 1, 1, 1, 1, 1, 1, 1, 0, 0]",100,1024,52
636,0,7.0,9830,104.94030933199974,"[1, 1, 1, 1, 1, 1, 1, 0, 1, 0]",100,1024,53
637,1,7.0,9831,105.06754557100066,"[1, 1, 1, 1, 1, 1, 1, 0, 1, 0]",100,1024,53
638,2,7.0,9832,105.18878703299924,"[1, 1, 1, 1, 1, 1, 1, 0, 1, 0]",100,1024,53
639,4,7.0,9834,105.33735574399907,"[1, 1, 1, 1, 1, 1, 1, 0, 1, 0]",100,1024,53
640,8,9.0,9839,105.5082846309997,"[1, 1, 1, 1, 1, 1, 1, 1, 1, 0]",100,1024,53
641,16,10.0,9848,105.73186366600021,"[1, 1, 1, 1, 1, 1, 1, 1, 1, 1]",100,1024,53
642,32,10.0,9864,106.07427755299977,"[1, 1, 1, 1, 1, 1, 1, 1, 1, 1]",100,1024,53
643,64,10.0,9896,106.69652867100012,"[1, 1, 1, 1, 1, 1, 1, 1, 1, 1]",100,1024,53
644,128,10.0,9960,108.05060017699907,"[1, 1, 1, 1, 1, 1, 1, 1, 1, 1]",100,1024,53
645,256,10.0,9993,108.66582818899951,"[1, 1, 1, 1, 1, 1, 1, 1, 1, 1]",100,1024,53
646,512,10.0,9993,108.66582818899951,"[1, 1, 1, 1, 1, 1, 1, 1, 1, 1]",100,1024,53
647,1024,10.0,9993,108.66582818899951,"[1, 1, 1, 1, 1, 1, 1, 1, 1, 1]",100,1024,53
648,0,2.0,9993,108.78439572800016,"[1, 1, 0, 0, 0, 0, 0, 1, 1, 1]",100,1024,54
649,1,2.0,9994,108.92299083500075,"[1, 1, 0, 0, 0, 0, 0, 1, 1, 1]",100,1024,54
650,2,2.0,9995,109.05748343800042,"[1, 1, 0, 0, 0, 0, 0, 1, 1, 1]",100,1024,54
651,4,2.0,9997,109.21508569099933,"[1, 1, 0, 0, 0, 0, 0, 1, 1, 1]",100,1024,54
652,8,3.0,10002,109.39237051899909,"[1, 1, 1, 0, 0, 0, 0, 1, 1, 1]",100,1024,54
653,16,3.0,10010,109.63880984500065,"[1, 1, 1, 0, 0, 0, 0, 1, 1, 1]",100,1024,54
654,32,3.0,10026,110.02357357499932,"[1, 1, 1, 0, 0, 0, 0, 1, 1, 1]",100,1024,54
655,64,10.0,10062,110.74607682299938,"[1, 1, 1, 1, 1, 1, 1, 1, 1, 1]",100,1024,54
656,128,10.0,10126,112.01120145200002,"[1, 1, 1, 1, 1, 1, 1, 1, 1, 1]",100,1024,54
657,256,10.0,10207,113.40245286900063,"[1, 1, 1, 1, 1, 1, 1, 1, 1, 1]",100,1024,54
658,512,10.0,10207,113.40245286900063,"[1, 1, 1, 1, 1, 1, 1, 1, 1, 1]",100,1024,54
659,1024,10.0,10207,113.40245286900063,"[1, 1, 1, 1, 1, 1, 1, 1, 1, 1]",100,1024,54
660,0,5.0,10207,113.52606597100021,"[1, 1, 1, 1, 1, 0, 0, 0, 1, 0]",100,1024,55
661,1,5.0,10208,113.66196750900053,"[1, 1, 1, 1, 1, 0, 0, 0, 1, 0]",100,1024,55
662,2,5.0,10209,113.83179873500012,"[1, 1, 1, 1, 1, 0, 0, 0, 1, 0]",100,1024,55
663,4,6.0,10212,113.99241096200058,"[1, 1, 1, 1, 1, 1, 0, 0, 1, 0]",100,1024,55
664,8,16.0,10217,114.18712835899896,"[1, 1, 1, 1, 1, 1, 0, 0, 0, 0]",100,1024,55
665,16,16.0,10225,114.45448745000067,"[1, 1, 1, 1, 1, 1, 0, 0, 0, 0]",100,1024,55
666,32,17.0,10242,114.96976409799936,"[1, 1, 1, 1, 1, 1, 1, 0, 0, 0]",100,1024,55
667,64,18.0,10275,115.7083198220007,"[1, 1, 1, 1, 1, 1, 1, 1, 0, 0]",100,1024,55
668,128,18.0,10339,117.07909644900064,"[1, 1, 1, 1, 1, 1, 1, 1, 0, 0]",100,1024,55
669,256,18.0,10404,118.28371538600004,"[1, 1, 1, 1, 1, 1, 1, 1, 0, 0]",100,1024,55
670,512,18.0,10404,118.28371538600004,"[1, 1, 1, 1, 1, 1, 1, 1, 0, 0]",100,1024,55
671,1024,18.0,10404,118.28371538600004,"[1, 1, 1, 1, 1, 1, 1, 1, 0, 0]",100,1024,55
672,0,1.0,10404,118.40777300800073,"[1, 0, 0, 1, 0, 0, 0, 0, 1, 0]",100,1024,56
673,1,2.0,10406,118.54749014399931,"[1, 1, 0, 1, 0, 0, 0, 0, 1, 0]",100,1024,56
674,2,16.0,10408,118.6940959149997,"[1, 1, 0, 1, 0, 0, 0, 0, 0, 0]",100,1024,56
675,4,16.0,10410,118.85455477799951,"[1, 1, 0, 1, 0, 0, 0, 0, 0, 0]",100,1024,56
676,8,16.0,10414,119.04682278600012,"[1, 1, 0, 1, 0, 0, 0, 0, 0, 0]",100,1024,56
677,16,16.0,10422,119.3383231200005,"[1, 1, 0, 1, 0, 0, 0, 0, 0, 0]",100,1024,56
678,32,18.0,10439,119.7965611719992,"[1, 1, 0, 0, 0, 0, 0, 0, 0, 0]",100,1024,56
679,64,18.0,10471,120.49980985500042,"[1, 1, 0, 0, 0, 0, 0, 0, 0, 0]",100,1024,56
680,128,18.0,10535,121.72668829599934,"[1, 1, 0, 0, 0, 0, 0, 0, 0, 0]",100,1024,56
681,256,18.0,10577,122.60094531600043,"[1, 1, 0, 0, 0, 0, 0, 0, 0, 0]",100,1024,56
682,512,18.0,10577,122.60094531600043,"[1, 1, 0, 0, 0, 0, 0, 0, 0, 0]",100,1024,56
683,1024,18.0,10577,122.60094531600043,"[1, 1, 0, 0, 0, 0, 0, 0, 0, 0]",100,1024,56
684,0,3.0,10577,122.73043291999966,"[1, 1, 1, 0, 1, 0, 0, 1, 0, 1]",100,1024,57
685,1,3.0,10578,122.88438827400023,"[1, 1, 1, 0, 1, 0, 0, 1, 0, 1]",100,1024,57
686,2,3.0,10579,123.02711284199904,"[1, 1, 1, 0, 1, 0, 0, 1, 0, 1]",100,1024,57
687,4,15.0,10583,123.20098697299909,"[1, 1, 1, 1, 1, 0, 0, 1, 0, 0]",100,1024,57
688,8,15.0,10587,123.44868121699983,"[1, 1, 1, 1, 1, 0, 0, 1, 0, 0]",100,1024,57
689,16,16.0,10596,123.78406014999928,"[1, 1, 1, 1, 1, 1, 0, 1, 0, 0]",100,1024,57
690,32,18.0,10613,124.19861020899953,"[1, 1, 1, 1, 1, 1, 1, 1, 0, 0]",100,1024,57
691,64,18.0,10645,125.07106776599903,"[1, 1, 1, 1, 1, 1, 1, 1, 0, 0]",100,1024,57
692,128,18.0,10709,126.37353340200025,"[1, 1, 1, 1, 1, 1, 1, 1, 0, 0]",100,1024,57
693,256,18.0,10749,127.16396562299997,"[1, 1, 1, 1, 1, 1, 1, 1, 0, 0]",100,1024,57
694,512,18.0,10749,127.16396562299997,"[1, 1, 1, 1, 1, 1, 1, 1, 0, 0]",100,1024,57
695,1024,18.0,10749,127.16396562299997,"[1, 1, 1, 1, 1, 1, 1, 1, 0, 0]",100,1024,57
696,0,14.0,10749,127.31286747299964,"[1, 1, 1, 1, 0, 0, 1, 0, 0, 0]",100,1024,58
697,1,14.0,10750,127.46499144500012,"[1, 1, 1, 1, 0, 0, 1, 0, 0, 0]",100,1024,58
698,2,14.0,10751,127.61865409299935,"[1, 1, 1, 1, 0, 0, 1, 0, 0, 0]",100,1024,58
699,4,14.0,10753,127.81731178600057,"[1, 1, 1, 1, 0, 0, 1, 0, 0, 0]",100,1024,58
700,8,14.0,10757,128.074076289,"[1, 1, 1, 1, 0, 0, 1, 0, 0, 0]",100,1024,58
701,16,15.0,10766,128.39058953699896,"[1, 1, 1, 1, 1, 0, 1, 0, 0, 0]",100,1024,58
702,32,17.0,10783,128.85892401799902,"[1, 1, 1, 1, 1, 1, 1, 0, 0, 0]",100,1024,58
703,64,18.0,10816,129.6039245739994,"[1, 1, 1, 1, 1, 1, 1, 1, 0, 0]",100,1024,58
704,128,18.0,10880,130.93339030899915,"[1, 1, 1, 1, 1, 1, 1, 1, 0, 0]",100,1024,58
705,256,18.0,10935,132.1506011929996,"[1, 1, 1, 1, 1, 1, 1, 1, 0, 0]",100,1024,58
706,512,18.0,10935,132.1506011929996,"[1, 1, 1, 1, 1, 1, 1, 1, 0, 0]",100,1024,58
707,1024,18.0,10935,132.1506011929996,"[1, 1, 1, 1, 1, 1, 1, 1, 0, 0]",100,1024,58
708,0,0.0,10935,132.30832187300075,"[0, 1, 1, 1, 0, 0, 1, 0, 0, 1]",100,1024,59
709,1,0.0,10936,132.4863158900007,"[0, 1, 1, 1, 0, 0, 1, 0, 0, 1]",100,1024,59
710,2,0.0,10937,132.63386521100074,"[0, 1, 1, 1, 0, 0, 1, 0, 0, 1]",100,1024,59
711,4,4.0,10940,132.7942180629998,"[1, 1, 1, 1, 0, 0, 1, 0, 0, 1]",100,1024,59
712,8,14.0,10945,133.02847825400022,"[1, 1, 1, 1, 0, 0, 1, 0, 0, 0]",100,1024,59
713,16,17.0,10955,133.32265727599952,"[1, 1, 1, 1, 1, 1, 1, 0, 0, 0]",100,1024,59
714,32,17.0,10971,133.75961877699956,"[1, 1, 1, 1, 1, 1, 1, 0, 0, 0]",100,1024,59
715,64,18.0,11004,134.4884398769991,"[1, 1, 1, 1, 1, 1, 1, 1, 0, 0]",100,1024,59
716,128,18.0,11068,135.76901231800002,"[1, 1, 1, 1, 1, 1, 1, 1, 0, 0]",100,1024,59
717,256,18.0,11125,136.8978458950005,"[1, 1, 1, 1, 1, 1, 1, 1, 0, 0]",100,1024,59
718,512,18.0,11125,136.8978458950005,"[1, 1, 1, 1, 1, 1, 1, 1, 0, 0]",100,1024,59
719,1024,18.0,11125,136.8978458950005,"[1, 1, 1, 1, 1, 1, 1, 1, 0, 0]",100,1024,59
720,0,0.0,11125,137.02590536000025,"[0, 0, 1, 1, 1, 1, 1, 1, 1, 1]",100,1024,60
721,1,0.0,11126,137.17176459800066,"[0, 0, 1, 1, 1, 1, 1, 1, 1, 1]",100,1024,60
722,2,0.0,11127,137.3280875649998,"[0, 0, 1, 1, 1, 1, 1, 1, 1, 1]",100,1024,60
723,4,0.0,11129,137.49793657599912,"[0, 0, 1, 1, 1, 1, 1, 1, 1, 1]",100,1024,60
724,8,1.0,11134,137.72724585300057,"[0, 0, 1, 1, 1, 1, 1, 1, 1, 0]",100,1024,60
725,16,2.0,11143,138.0022695659991,"[0, 0, 1, 1, 1, 1, 1, 1, 0, 0]",100,1024,60
726,32,3.0,11160,138.41023465099897,"[0, 0, 1, 1, 1, 1, 1, 0, 0, 0]",100,1024,60
727,64,6.0,11195,139.13865858099962,"[0, 0, 1, 1, 0, 0, 0, 0, 0, 0]",100,1024,60
728,128,10.0,11261,140.33785503500076,"[0, 0, 0, 0, 0, 0, 0, 0, 0, 0]",100,1024,60
729,256,10.0,11356,142.2627077069992,"[0, 0, 0, 0, 0, 0, 0, 0, 0, 0]",100,1024,60
730,512,10.0,11356,142.2627077069992,"[0, 0, 0, 0, 0, 0, 0, 0, 0, 0]",100,1024,60
731,1024,10.0,11356,142.2627077069992,"[0, 0, 0, 0, 0, 0, 0, 0, 0, 0]",100,1024,60
732,0,1.0,11356,142.40190997900027,"[0, 0, 0, 1, 0, 0, 1, 1, 1, 0]",100,1024,61
733,1,1.0,11357,142.5518832809994,"[0, 0, 0, 1, 0, 0, 1, 1, 1, 0]",100,1024,61
734,2,1.0,11358,142.6925328590005,"[0, 0, 0, 1, 0, 0, 1, 1, 1, 0]",100,1024,61
735,4,1.0,11360,142.85653051400004,"[0, 0, 0, 1, 0, 0, 1, 1, 1, 0]",100,1024,61
736,8,2.0,11365,143.05539666799996,"[0, 0, 0, 1, 0, 0, 1, 1, 0, 0]",100,1024,61
737,16,2.0,11373,143.33195517199965,"[0, 0, 0, 1, 0, 0, 1, 1, 0, 0]",100,1024,61
738,32,6.0,11391,143.78891352400024,"[0, 0, 0, 1, 0, 0, 0, 0, 0, 0]",100,1024,61
739,64,10.0,11424,144.4873033849999,"[0, 0, 0, 0, 0, 0, 0, 0, 0, 0]",100,1024,61
740,128,10.0,11488,145.90421963799963,"[0, 0, 0, 0, 0, 0, 0, 0, 0, 0]",100,1024,61
741,256,10.0,11547,147.24127764699915,"[0, 0, 0, 0, 0, 0, 0, 0, 0, 0]",100,1024,61
742,512,10.0,11547,147.24127764699915,"[0, 0, 0, 0, 0, 0, 0, 0, 0, 0]",100,1024,61
743,1024,10.0,11547,147.24127764699915,"[0, 0, 0, 0, 0, 0, 0, 0, 0, 0]",100,1024,61
744,0,5.0,11547,147.38385761999962,"[1, 1, 1, 1, 1, 0, 1, 0, 1, 1]",100,1024,62
745,1,5.0,11548,147.56918049100022,"[1, 1, 1, 1, 1, 0, 1, 0, 1, 1]",100,1024,62
746,2,5.0,11549,147.74407984999925,"[1, 1, 1, 1, 1, 0, 1, 0, 1, 1]",100,1024,62
747,4,5.0,11551,147.93744637000054,"[1, 1, 1, 1, 1, 0, 1, 0, 1, 1]",100,1024,62
748,8,5.0,11555,148.17622992500037,"[1, 1, 1, 1, 1, 0, 1, 0, 1, 1]",100,1024,62
749,16,5.0,11563,148.4887435540004,"[1, 1, 1, 1, 1, 0, 1, 0, 1, 1]",100,1024,62
750,32,10.0,11581,148.93480830999943,"[1, 1, 1, 1, 1, 1, 1, 1, 1, 1]",100,1024,62
751,64,10.0,11613,149.66009604399915,"[1, 1, 1, 1, 1, 1, 1, 1, 1, 1]",100,1024,62
752,128,10.0,11677,151.01968909899915,"[1, 1, 1, 1, 1, 1, 1, 1, 1, 1]",100,1024,62
753,256,10.0,11724,152.00803846000053,"[1, 1, 1, 1, 1, 1, 1, 1, 1, 1]",100,1024,62
754,512,10.0,11724,152.00803846000053,"[1, 1, 1, 1, 1, 1, 1, 1, 1, 1]",100,1024,62
755,1024,10.0,11724,152.00803846000053,"[1, 1, 1, 1, 1, 1, 1, 1, 1, 1]",100,1024,62
756,0,2.0,11724,152.15089670199995,"[1, 1, 0, 0, 1, 1, 1, 1, 1, 0]",100,1024,63
757,1,2.0,11725,152.31637847599995,"[1, 1, 0, 0, 1, 1, 1, 1, 1, 0]",100,1024,63
758,2,2.0,11726,152.5173694210007,"[1, 1, 0, 0, 1, 1, 1, 1, 1, 0]",100,1024,63
759,4,2.0,11728,152.6896368609996,"[1, 1, 0, 0, 1, 1, 1, 1, 1, 0]",100,1024,63
760,8,9.0,11734,152.89570569900025,"[1, 1, 1, 1, 1, 1, 1, 1, 1, 0]",100,1024,63
761,16,18.0,11743,153.17824740799915,"[1, 1, 1, 1, 1, 1, 1, 1, 0, 0]",100,1024,63
762,32,18.0,11759,153.61250886199923,"[1, 1, 1, 1, 1, 1, 1, 1, 0, 0]",100,1024,63
763,64,18.0,11791,154.3510667999999,"[1, 1, 1, 1, 1, 1, 1, 1, 0, 0]",100,1024,63
764,128,18.0,11855,155.64806774600038,"[1, 1, 1, 1, 1, 1, 1, 1, 0, 0]",100,1024,63
765,256,18.0,11886,156.4014369760007,"[1, 1, 1, 1, 1, 1, 1, 1, 0, 0]",100,1024,63
766,512,18.0,11886,156.4014369760007,"[1, 1, 1, 1, 1, 1, 1, 1, 0, 0]",100,1024,63
767,1024,18.0,11886,156.4014369760007,"[1, 1, 1, 1, 1, 1, 1, 1, 0, 0]",100,1024,63
768,0,2.0,11886,156.54670299099962,"[1, 0, 0, 0, 1, 1, 0, 1, 0, 0]",100,1024,64
769,1,12.0,11888,156.70613698700072,"[1, 1, 0, 0, 1, 1, 0, 1, 0, 0]",100,1024,64
770,2,13.0,11890,156.86171842099975,"[1, 1, 1, 0, 1, 1, 0, 1, 0, 0]",100,1024,64
771,4,16.0,11893,157.03252011299992,"[1, 1, 1, 1, 1, 1, 0, 1, 0, 0]",100,1024,64
772,8,16.0,11897,157.23369586599983,"[1, 1, 1, 1, 1, 1, 0, 1, 0, 0]",100,1024,64
773,16,16.0,11905,157.51932005600065,"[1, 1, 1, 1, 1, 1, 0, 1, 0, 0]",100,1024,64
774,32,18.0,11922,158.0009788009993,"[1, 1, 1, 1, 1, 1, 1, 1, 0, 0]",100,1024,64
775,64,18.0,11954,158.72984012599954,"[1, 1, 1, 1, 1, 1, 1, 1, 0, 0]",100,1024,64
776,128,18.0,12018,160.1320548269996,"[1, 1, 1, 1, 1, 1, 1, 1, 0, 0]",100,1024,64
777,256,18.0,12066,161.17165289699915,"[1, 1, 1, 1, 1, 1, 1, 1, 0, 0]",100,1024,64
778,512,18.0,12066,161.17165289699915,"[1, 1, 1, 1, 1, 1, 1, 1, 0, 0]",100,1024,64
779,1024,18.0,12066,161.17165289699915,"[1, 1, 1, 1, 1, 1, 1, 1, 0, 0]",100,1024,64
780,0,14.0,12066,161.30497501799982,"[1, 1, 0, 0, 0, 1, 0, 0, 0, 0]",100,1024,65
781,1,14.0,12067,161.48646066400033,"[1, 1, 0, 0, 0, 1, 0, 0, 0, 0]",100,1024,65
782,2,14.0,12068,161.65699635099918,"[1, 1, 0, 0, 0, 1, 0, 0, 0, 0]",100,1024,65
783,4,14.0,12070,161.82286052400013,"[1, 1, 0, 0, 0, 1, 0, 0, 0, 0]",100,1024,65
784,8,14.0,12074,162.04792029599957,"[1, 1, 0, 0, 0, 1, 0, 0, 0, 0]",100,1024,65
785,16,14.0,12082,162.33421025899952,"[1, 1, 0, 0, 0, 1, 0, 0, 0, 0]",100,1024,65
786,32,14.0,12098,162.76365151900063,"[1, 1, 0, 0, 0, 1, 0, 0, 0, 0]",100,1024,65
787,64,18.0,12131,163.50844961599978,"[1, 1, 0, 0, 0, 0, 0, 0, 0, 0]",100,1024,65
788,128,18.0,12195,164.9249156320002,"[1, 1, 0, 0, 0, 0, 0, 0, 0, 0]",100,1024,65
789,256,18.0,12262,166.30618871600018,"[1, 1, 0, 0, 0, 0, 0, 0, 0, 0]",100,1024,65
790,512,18.0,12262,166.30618871600018,"[1, 1, 0, 0, 0, 0, 0, 0, 0, 0]",100,1024,65
791,1024,18.0,12262,166.30618871600018,"[1, 1, 0, 0, 0, 0, 0, 0, 0, 0]",100,1024,65
792,0,0.0,12262,166.45118550400002,"[0, 0, 0, 1, 0, 0, 1, 1, 1, 1]",100,1024,66
793,1,0.0,12263,166.61478972700024,"[0, 0, 0, 1, 0, 0, 1, 1, 1, 1]",100,1024,66
794,2,1.0,12265,166.81386775200008,"[0, 0, 0, 1, 0, 0, 1, 1, 1, 0]",100,1024,66
795,4,1.0,12267,166.98944905399912,"[0, 0, 0, 1, 0, 0, 1, 1, 1, 0]",100,1024,66
796,8,2.0,12272,167.19717129499986,"[0, 0, 0, 1, 0, 0, 1, 1, 0, 0]",100,1024,66
797,16,2.0,12280,167.5020458550007,"[0, 0, 0, 1, 0, 0, 1, 1, 0, 0]",100,1024,66
798,32,2.0,12296,167.94307458799994,"[0, 0, 0, 1, 0, 0, 1, 1, 0, 0]",100,1024,66
799,64,10.0,12331,168.7134903240003,"[0, 0, 0, 0, 0, 0, 0, 0, 0, 0]",100,1024,66
800,128,10.0,12395,170.26480294000066,"[0, 0, 0, 0, 0, 0, 0, 0, 0, 0]",100,1024,66
801,256,10.0,12480,172.0743954440004,"[0, 0, 0, 0, 0, 0, 0, 0, 0, 0]",100,1024,66
802,512,10.0,12480,172.0743954440004,"[0, 0, 0, 0, 0, 0, 0, 0, 0, 0]",100,1024,66
803,1024,10.0,12480,172.0743954440004,"[0, 0, 0, 0, 0, 0, 0, 0, 0, 0]",100,1024,66
804,0,1.0,12480,172.21173891099897,"[0, 1, 0, 0, 1, 1, 0, 1, 1, 0]",100,1024,67
805,1,2.0,12482,172.37638634599898,"[0, 1, 0, 0, 1, 1, 0, 1, 0, 0]",100,1024,67
806,2,2.0,12483,172.5433200009993,"[0, 1, 0, 0, 1, 1, 0, 1, 0, 0]",100,1024,67
807,4,2.0,12485,172.72793066099985,"[0, 1, 0, 0, 1, 1, 0, 1, 0, 0]",100,1024,67
808,8,4.0,12490,172.97585949699896,"[0, 1, 0, 0, 1, 1, 0, 0, 0, 0]",100,1024,67
809,16,18.0,12501,173.2690941889996,"[1, 1, 0, 0, 0, 0, 0, 0, 0, 0]",100,1024,67
810,32,18.0,12517,173.70001522200073,"[1, 1, 0, 0, 0, 0, 0, 0, 0, 0]",100,1024,67
811,64,18.0,12549,174.50043375299902,"[1, 1, 0, 0, 0, 0, 0, 0, 0, 0]",100,1024,67
812,128,18.0,12613,175.99617383000077,"[1, 1, 0, 0, 0, 0, 0, 0, 0, 0]",100,1024,67
813,256,18.0,12647,176.93452636700022,"[1, 1, 0, 0, 0, 0, 0, 0, 0, 0]",100,1024,67
814,512,18.0,12647,176.93452636700022,"[1, 1, 0, 0, 0, 0, 0, 0, 0, 0]",100,1024,67
815,1024,18.0,12647,176.93452636700022,"[1, 1, 0, 0, 0, 0, 0, 0, 0, 0]",100,1024,67
816,0,12.0,12647,177.0828471069999,"[1, 1, 0, 1, 0, 1, 1, 1, 0, 0]",100,1024,68
817,1,14.0,12649,177.2607160970001,"[1, 1, 1, 1, 0, 1, 1, 1, 0, 0]",100,1024,68
818,2,14.0,12650,177.42309826599922,"[1, 1, 1, 1, 0, 1, 1, 1, 0, 0]",100,1024,68
819,4,18.0,12653,177.603501865,"[1, 1, 1, 1, 1, 1, 1, 1, 0, 0]",100,1024,68
820,8,18.0,12657,177.82414384000003,"[1, 1, 1, 1, 1, 1, 1, 1, 0, 0]",100,1024,68
821,16,18.0,12665,178.1553380559999,"[1, 1, 1, 1, 1, 1, 1, 1, 0, 0]",100,1024,68
822,32,18.0,12681,178.58836008599974,"[1, 1, 1, 1, 1, 1, 1, 1, 0, 0]",100,1024,68
823,64,18.0,12713,179.42035035700064,"[1, 1, 1, 1, 1, 1, 1, 1, 0, 0]",100,1024,68
824,128,18.0,12777,181.0213072080005,"[1, 1, 1, 1, 1, 1, 1, 1, 0, 0]",100,1024,68
825,256,18.0,12802,181.8125426759998,"[1, 1, 1, 1, 1, 1, 1, 1, 0, 0]",100,1024,68
826,512,18.0,12802,181.8125426759998,"[1, 1, 1, 1, 1, 1, 1, 1, 0, 0]",100,1024,68
827,1024,18.0,12802,181.8125426759998,"[1, 1, 1, 1, 1, 1, 1, 1, 0, 0]",100,1024,68
828,0,1.0,12802,181.98631960800049,"[0, 0, 0, 0, 0, 1, 0, 0, 1, 0]",100,1024,69
829,1,1.0,12803,182.17461635499967,"[0, 0, 0, 0, 0, 1, 0, 0, 1, 0]",100,1024,69
830,2,1.0,12804,182.37084291099927,"[0, 0, 0, 0, 0, 1, 0, 0, 1, 0]",100,1024,69
831,4,1.0,12806,182.6037172819997,"[0, 0, 0, 0, 0, 1, 0, 0, 1, 0]",100,1024,69
832,8,1.0,12810,182.9105954129991,"[0, 0, 0, 0, 0, 1, 0, 0, 1, 0]",100,1024,69
833,16,10.0,12820,183.23645881499942,"[0, 0, 0, 0, 0, 0, 0, 0, 0, 0]",100,1024,69
834,32,10.0,12836,183.73385720899932,"[0, 0, 0, 0, 0, 0, 0, 0, 0, 0]",100,1024,69
835,64,10.0,12868,184.50764587899903,"[0, 0, 0, 0, 0, 0, 0, 0, 0, 0]",100,1024,69
836,128,10.0,12932,185.88350110399915,"[0, 0, 0, 0, 0, 0, 0, 0, 0, 0]",100,1024,69
837,256,10.0,12965,186.88415966299908,"[0, 0, 0, 0, 0, 0, 0, 0, 0, 0]",100,1024,69
838,512,10.0,12965,186.88415966299908,"[0, 0, 0, 0, 0, 0, 0, 0, 0, 0]",100,1024,69
839,1024,10.0,12965,186.88415966299908,"[0, 0, 0, 0, 0, 0, 0, 0, 0, 0]",100,1024,69
840,0,14.0,12965,187.05616695400022,"[1, 1, 1, 0, 0, 1, 0, 0, 0, 0]",100,1024,70
841,1,14.0,12966,187.27042237500063,"[1, 1, 1, 0, 0, 1, 0, 0, 0, 0]",100,1024,70
842,2,14.0,12967,187.47050159900027,"[1, 1, 1, 0, 0, 1, 0, 0, 0, 0]",100,1024,70
843,4,14.0,12969,187.68938764999984,"[1, 1, 1, 0, 0, 1, 0, 0, 0, 0]",100,1024,70
844,8,17.0,12974,187.92054559799908,"[1, 1, 1, 0, 0, 0, 0, 0, 0, 0]",100,1024,70
845,16,18.0,12983,188.2264872680007,"[1, 1, 0, 0, 0, 0, 0, 0, 0, 0]",100,1024,70
846,32,18.0,12999,188.72069254899907,"[1, 1, 0, 0, 0, 0, 0, 0, 0, 0]",100,1024,70
847,64,18.0,13031,189.54453304399976,"[1, 1, 0, 0, 0, 0, 0, 0, 0, 0]",100,1024,70
848,128,18.0,13095,191.0444059959991,"[1, 1, 0, 0, 0, 0, 0, 0, 0, 0]",100,1024,70
849,256,18.0,13132,191.96926303799955,"[1, 1, 0, 0, 0, 0, 0, 0, 0, 0]",100,1024,70
850,512,18.0,13132,191.96926303799955,"[1, 1, 0, 0, 0, 0, 0, 0, 0, 0]",100,1024,70
851,1024,18.0,13132,191.96926303799955,"[1, 1, 0, 0, 0, 0, 0, 0, 0, 0]",100,1024,70
852,0,3.0,13132,192.14726029099984,"[1, 1, 1, 0, 1, 1, 0, 0, 0, 1]",100,1024,71
853,1,14.0,13134,192.33617739500005,"[1, 1, 1, 0, 1, 1, 0, 0, 0, 0]",100,1024,71
854,2,14.0,13135,192.5151310780002,"[1, 1, 1, 0, 1, 1, 0, 0, 0, 0]",100,1024,71
855,4,14.0,13137,192.74182955600008,"[1, 1, 1, 0, 1, 1, 0, 0, 0, 0]",100,1024,71
856,8,15.0,13142,193.00357518099918,"[1, 1, 1, 0, 1, 0, 0, 0, 0, 0]",100,1024,71
857,16,15.0,13150,193.3443504959996,"[1, 1, 1, 0, 1, 0, 0, 0, 0, 0]",100,1024,71
858,32,18.0,13168,193.81372358599947,"[1, 1, 0, 0, 0, 0, 0, 0, 0, 0]",100,1024,71
859,64,18.0,13200,194.64307253600055,"[1, 1, 0, 0, 0, 0, 0, 0, 0, 0]",100,1024,71
860,128,18.0,13264,196.1228563679997,"[1, 1, 0, 0, 0, 0, 0, 0, 0, 0]",100,1024,71
861,256,18.0,13314,197.3242077699997,"[1, 1, 0, 0, 0, 0, 0, 0, 0, 0]",100,1024,71
862,512,18.0,13314,197.3242077699997,"[1, 1, 0, 0, 0, 0, 0, 0, 0, 0]",100,1024,71
863,1024,18.0,13314,197.3242077699997,"[1, 1, 0, 0, 0, 0, 0, 0, 0, 0]",100,1024,71
864,0,2.0,13314,197.47508693999953,"[0, 0, 0, 0, 1, 1, 1, 1, 0, 0]",100,1024,72
865,1,2.0,13315,197.65510502299912,"[0, 0, 0, 0, 1, 1, 1, 1, 0, 0]",100,1024,72
866,2,3.0,13317,197.83439005199943,"[0, 0, 0, 0, 1, 1, 1, 0, 0, 0]",100,1024,72
867,4,3.0,13319,198.0268855359991,"[0, 0, 0, 0, 1, 1, 1, 0, 0, 0]",100,1024,72
868,8,4.0,13324,198.25228223900012,"[0, 0, 0, 0, 1, 1, 0, 0, 0, 0]",100,1024,72
869,16,10.0,13334,198.57454892699934,"[0, 0, 0, 0, 0, 0, 0, 0, 0, 0]",100,1024,72
870,32,10.0,13350,199.06465945200034,"[0, 0, 0, 0, 0, 0, 0, 0, 0, 0]",100,1024,72
871,64,10.0,13382,199.9038577150004,"[0, 0, 0, 0, 0, 0, 0, 0, 0, 0]",100,1024,72
872,128,10.0,13446,201.33405384599973,"[0, 0, 0, 0, 0, 0, 0, 0, 0, 0]",100,1024,72
873,256,10.0,13481,202.25728257599985,"[0, 0, 0, 0, 0, 0, 0, 0, 0, 0]",100,1024,72
874,512,10.0,13481,202.25728257599985,"[0, 0, 0, 0, 0, 0, 0, 0, 0, 0]",100,1024,72
875,1024,10.0,13481,202.25728257599985,"[0, 0, 0, 0, 0, 0, 0, 0, 0, 0]",100,1024,72
876,0,2.0,13481,202.42183573399961,"[0, 0, 1, 0, 1, 0, 1, 1, 0, 0]",100,1024,73
877,1,2.0,13482,202.5918126969991,"[0, 0, 1, 0, 1, 0, 1, 1, 0, 0]",100,1024,73
878,2,2.0,13483,202.7636367319992,"[0, 0, 1, 0, 1, 0, 1, 1, 0, 0]",100,1024,73
879,4,2.0,13485,202.96853357100008,"[0, 0, 1, 0, 1, 0, 1, 1, 0, 0]",100,1024,73
880,8,3.0,13490,203.2741801810007,"[0, 0, 1, 0, 1, 0, 1, 0, 0, 0]",100,1024,73
881,16,5.0,13499,203.62808886499988,"[0, 0, 1, 0, 1, 0, 0, 0, 0, 0]",100,1024,73
882,32,10.0,13517,204.09982563199992,"[0, 0, 0, 0, 0, 0, 0, 0, 0, 0]",100,1024,73
883,64,10.0,13549,204.89286917199934,"[0, 0, 0, 0, 0, 0, 0, 0, 0, 0]",100,1024,73
884,128,10.0,13613,206.33426883100037,"[0, 0, 0, 0, 0, 0, 0, 0, 0, 0]",100,1024,73
885,256,10.0,13660,207.59388923699953,"[0, 0, 0, 0, 0, 0, 0, 0, 0, 0]",100,1024,73
886,512,10.0,13660,207.59388923699953,"[0, 0, 0, 0, 0, 0, 0, 0, 0, 0]",100,1024,73
887,1024,10.0,13660,207.59388923699953,"[0, 0, 0, 0, 0, 0, 0, 0, 0, 0]",100,1024,73
888,0,4.0,13660,207.75745381699926,"[1, 1, 1, 1, 0, 0, 1, 0, 0, 1]",100,1024,74
889,1,4.0,13661,207.934863733999,"[1, 1, 1, 1, 0, 0, 1, 0, 0, 1]",100,1024,74
890,2,4.0,13662,208.11411518800014,"[1, 1, 1, 1, 0, 0, 1, 0, 0, 1]",100,1024,74
891,4,5.0,13665,208.30609259899938,"[1, 1, 1, 1, 1, 0, 1, 0, 0, 1]",100,1024,74
892,8,15.0,13670,208.535875612999,"[1, 1, 1, 1, 1, 0, 1, 0, 0, 0]",100,1024,74
893,16,17.0,13679,208.8830249269995,"[1, 1, 1, 1, 1, 1, 1, 0, 0, 0]",100,1024,74
894,32,17.0,13695,209.36258115099918,"[1, 1, 1, 1, 1, 1, 1, 0, 0, 0]",100,1024,74
895,64,18.0,13728,210.4277627800002,"[1, 1, 1, 1, 1, 1, 1, 1, 0, 0]",100,1024,74
896,128,18.0,13792,212.17973810900003,"[1, 1, 1, 1, 1, 1, 1, 1, 0, 0]",100,1024,74
897,256,18.0,13847,213.5075380039998,"[1, 1, 1, 1, 1, 1, 1, 1, 0, 0]",100,1024,74
898,512,18.0,13847,213.5075380039998,"[1, 1, 1, 1, 1, 1, 1, 1, 0, 0]",100,1024,74
899,1024,18.0,13847,213.5075380039998,"[1, 1, 1, 1, 1, 1, 1, 1, 0, 0]",100,1024,74
900,0,0.0,13847,213.66177965499992,"[0, 1, 1, 1, 1, 0, 1, 1, 0, 1]",100,1024,75
901,1,5.0,13849,213.84935530300027,"[1, 1, 1, 1, 1, 0, 1, 1, 0, 1]",100,1024,75
902,2,5.0,13850,214.019152638999,"[1, 1, 1, 1, 1, 0, 1, 1, 0, 1]",100,1024,75
903,4,5.0,13852,214.21798436899917,"[1, 1, 1, 1, 1, 0, 1, 1, 0, 1]",100,1024,75
904,8,15.0,13857,214.47301259300002,"[1, 1, 1, 1, 1, 0, 1, 1, 0, 0]",100,1024,75
905,16,15.0,13865,214.7935531259991,"[1, 1, 1, 1, 1, 0, 1, 1, 0, 0]",100,1024,75
906,32,18.0,13882,215.28317666799921,"[1, 1, 1, 1, 1, 1, 1, 1, 0, 0]",100,1024,75
907,64,18.0,13914,216.08609892599998,"[1, 1, 1, 1, 1, 1, 1, 1, 0, 0]",100,1024,75
908,128,18.0,13978,217.5847814530007,"[1, 1, 1, 1, 1, 1, 1, 1, 0, 0]",100,1024,75
909,256,18.0,14026,218.79219537899917,"[1, 1, 1, 1, 1, 1, 1, 1, 0, 0]",100,1024,75
910,512,18.0,14026,218.79219537899917,"[1, 1, 1, 1, 1, 1, 1, 1, 0, 0]",100,1024,75
911,1024,18.0,14026,218.79219537899917,"[1, 1, 1, 1, 1, 1, 1, 1, 0, 0]",100,1024,75
912,0,2.0,14026,218.97916847899978,"[1, 1, 0, 1, 0, 0, 1, 1, 1, 1]",100,1024,76
913,1,2.0,14027,219.16676005999943,"[1, 1, 0, 1, 0, 0, 1, 1, 1, 1]",100,1024,76
914,2,2.0,14028,219.3466910549996,"[1, 1, 0, 1, 0, 0, 1, 1, 1, 1]",100,1024,76
915,4,4.0,14031,219.55140154199944,"[1, 1, 1, 1, 0, 0, 1, 1, 1, 1]",100,1024,76
916,8,5.0,14036,219.79121830400072,"[1, 1, 1, 1, 1, 0, 1, 1, 1, 1]",100,1024,76
917,16,5.0,14044,220.14380207400063,"[1, 1, 1, 1, 1, 0, 1, 1, 1, 1]",100,1024,76
918,32,10.0,14061,220.6552557949999,"[1, 1, 1, 1, 1, 1, 1, 1, 1, 1]",100,1024,76
919,64,10.0,14093,221.48400948299968,"[1, 1, 1, 1, 1, 1, 1, 1, 1, 1]",100,1024,76
920,128,10.0,14157,222.9973217679999,"[1, 1, 1, 1, 1, 1, 1, 1, 1, 1]",100,1024,76
921,256,10.0,14198,224.03146238800036,"[1, 1, 1, 1, 1, 1, 1, 1, 1, 1]",100,1024,76
922,512,10.0,14198,224.03146238800036,"[1, 1, 1, 1, 1, 1, 1, 1, 1, 1]",100,1024,76
923,1024,10.0,14198,224.03146238800036,"[1, 1, 1, 1, 1, 1, 1, 1, 1, 1]",100,1024,76
924,0,2.0,14198,224.1904182369999,"[1, 1, 0, 1, 1, 1, 1, 0, 0, 1]",100,1024,77
925,1,2.0,14199,224.37315625100018,"[1, 1, 0, 1, 1, 1, 1, 0, 0, 1]",100,1024,77
926,2,2.0,14200,224.5548088680007,"[1, 1, 0, 1, 1, 1, 1, 0, 0, 1]",100,1024,77
927,4,2.0,14202,224.75250246699943,"[1, 1, 0, 1, 1, 1, 1, 0, 0, 1]",100,1024,77
928,8,2.0,14206,225.0054529400004,"[1, 1, 0, 1, 1, 1, 1, 0, 0, 1]",100,1024,77
929,16,7.0,14215,225.38183667299927,"[1, 1, 1, 1, 1, 1, 1, 0, 0, 1]",100,1024,77
930,32,17.0,14232,225.92748098499942,"[1, 1, 1, 1, 1, 1, 1, 0, 0, 0]",100,1024,77
931,64,18.0,14265,226.80746700000054,"[1, 1, 1, 1, 1, 1, 1, 1, 0, 0]",100,1024,77
932,128,18.0,14329,228.42256947200076,"[1, 1, 1, 1, 1, 1, 1, 1, 0, 0]",100,1024,77
933,256,18.0,14397,230.19387526500032,"[1, 1, 1, 1, 1, 1, 1, 1, 0, 0]",100,1024,77
934,512,18.0,14397,230.19387526500032,"[1, 1, 1, 1, 1, 1, 1, 1, 0, 0]",100,1024,77
935,1024,18.0,14397,230.19387526500032,"[1, 1, 1, 1, 1, 1, 1, 1, 0, 0]",100,1024,77
936,0,14.0,14397,230.3538066250003,"[1, 1, 1, 1, 0, 1, 1, 0, 0, 0]",100,1024,78
937,1,14.0,14398,230.53459770799964,"[1, 1, 1, 1, 0, 1, 1, 0, 0, 0]",100,1024,78
938,2,14.0,14399,230.71833929899913,"[1, 1, 1, 1, 0, 1, 1, 0, 0, 0]",100,1024,78
939,4,17.0,14402,230.92910130400014,"[1, 1, 1, 1, 1, 1, 1, 0, 0, 0]",100,1024,78
940,8,18.0,14407,231.17828699100028,"[1, 1, 1, 1, 1, 1, 1, 1, 0, 0]",100,1024,78
941,16,18.0,14415,231.507194324,"[1, 1, 1, 1, 1, 1, 1, 1, 0, 0]",100,1024,78
942,32,18.0,14431,232.0419915149996,"[1, 1, 1, 1, 1, 1, 1, 1, 0, 0]",100,1024,78
943,64,18.0,14463,232.93944258599913,"[1, 1, 1, 1, 1, 1, 1, 1, 0, 0]",100,1024,78
944,128,18.0,14527,234.50332558300033,"[1, 1, 1, 1, 1, 1, 1, 1, 0, 0]",100,1024,78
945,256,18.0,14557,235.383406682,"[1, 1, 1, 1, 1, 1, 1, 1, 0, 0]",100,1024,78
946,512,18.0,14557,235.383406682,"[1, 1, 1, 1, 1, 1, 1, 1, 0, 0]",100,1024,78
947,1024,18.0,14557,235.383406682,"[1, 1, 1, 1, 1, 1, 1, 1, 0, 0]",100,1024,78
948,0,0.0,14557,235.55049358799988,"[0, 1, 0, 1, 1, 0, 0, 0, 1, 1]",100,1024,79
949,1,0.0,14558,235.73732031600048,"[0, 1, 0, 1, 1, 0, 0, 0, 1, 1]",100,1024,79
950,2,2.0,14560,235.91701369099974,"[1, 1, 0, 1, 1, 0, 0, 0, 1, 1]",100,1024,79
951,4,2.0,14562,236.1346663639997,"[1, 1, 0, 1, 1, 0, 0, 0, 1, 1]",100,1024,79
952,8,5.0,14567,236.4612532709998,"[1, 1, 1, 1, 1, 0, 0, 0, 1, 1]",100,1024,79
953,16,10.0,14578,236.8909767410005,"[1, 1, 1, 1, 1, 1, 1, 1, 1, 1]",100,1024,79
954,32,10.0,14594,237.42121988500003,"[1, 1, 1, 1, 1, 1, 1, 1, 1, 1]",100,1024,79
955,64,10.0,14626,238.30274009300047,"[1, 1, 1, 1, 1, 1, 1, 1, 1, 1]",100,1024,79
956,128,10.0,14690,239.9359150220007,"[1, 1, 1, 1, 1, 1, 1, 1, 1, 1]",100,1024,79
957,256,10.0,14727,240.9271973849991,"[1, 1, 1, 1, 1, 1, 1, 1, 1, 1]",100,1024,79
958,512,10.0,14727,240.9271973849991,"[1, 1, 1, 1, 1, 1, 1, 1, 1, 1]",100,1024,79
959,1024,10.0,14727,240.9271973849991,"[1, 1, 1, 1, 1, 1, 1, 1, 1, 1]",100,1024,79
960,0,3.0,14727,241.09568059699996,"[1, 1, 1, 0, 0, 1, 1, 1, 0, 1]",100,1024,80
961,1,3.0,14728,241.29832582900053,"[1, 1, 1, 0, 0, 1, 1, 1, 0, 1]",100,1024,80
962,2,13.0,14730,241.48973918999945,"[1, 1, 1, 0, 0, 1, 1, 1, 0, 0]",100,1024,80
963,4,13.0,14732,241.7037725299997,"[1, 1, 1, 0, 0, 1, 1, 1, 0, 0]",100,1024,80
964,8,13.0,14736,241.9714084820007,"[1, 1, 1, 0, 0, 1, 1, 1, 0, 0]",100,1024,80
965,16,14.0,14745,242.31231303599998,"[1, 1, 1, 1, 0, 1, 1, 1, 0, 0]",100,1024,80
966,32,18.0,14762,242.84140366199972,"[1, 1, 1, 1, 1, 1, 1, 1, 0, 0]",100,1024,80
967,64,18.0,14794,243.75993783299964,"[1, 1, 1, 1, 1, 1, 1, 1, 0, 0]",100,1024,80
968,128,18.0,14858,245.4167556100001,"[1, 1, 1, 1, 1, 1, 1, 1, 0, 0]",100,1024,80
969,256,18.0,14900,246.53423150900016,"[1, 1, 1, 1, 1, 1, 1, 1, 0, 0]",100,1024,80
970,512,18.0,14900,246.53423150900016,"[1, 1, 1, 1, 1, 1, 1, 1, 0, 0]",100,1024,80
971,1024,18.0,14900,246.53423150900016,"[1, 1, 1, 1, 1, 1, 1, 1, 0, 0]",100,1024,80
972,0,2.0,14900,246.7059144119994,"[1, 1, 0, 1, 1, 1, 0, 0, 1, 0]",100,1024,81
973,1,2.0,14901,246.89982826599953,"[1, 1, 0, 1, 1, 1, 0, 0, 1, 0]",100,1024,81
974,2,14.0,14903,247.10573293699963,"[1, 1, 0, 1, 1, 1, 0, 0, 0, 0]",100,1024,81
975,4,14.0,14905,247.31891889100007,"[1, 1, 0, 1, 1, 1, 0, 0, 0, 0]",100,1024,81
976,8,15.0,14910,247.58324153600006,"[1, 1, 0, 1, 1, 0, 0, 0, 0, 0]",100,1024,81
977,16,16.0,14919,247.93260114700024,"[1, 1, 0, 1, 0, 0, 0, 0, 0, 0]",100,1024,81
978,32,18.0,14936,248.4942441029998,"[1, 1, 0, 0, 0, 0, 0, 0, 0, 0]",100,1024,81
979,64,18.0,14968,249.3953787499995,"[1, 1, 0, 0, 0, 0, 0, 0, 0, 0]",100,1024,81
980,128,18.0,15032,251.0443705889993,"[1, 1, 0, 0, 0, 0, 0, 0, 0, 0]",100,1024,81
981,256,18.0,15085,252.4431048690003,"[1, 1, 0, 0, 0, 0, 0, 0, 0, 0]",100,1024,81
982,512,18.0,15085,252.4431048690003,"[1, 1, 0, 0, 0, 0, 0, 0, 0, 0]",100,1024,81
983,1024,18.0,15085,252.4431048690003,"[1, 1, 0, 0, 0, 0, 0, 0, 0, 0]",100,1024,81
984,0,2.0,15085,252.61190444299973,"[0, 1, 0, 0, 1, 0, 0, 1, 0, 0]",100,1024,82
985,1,2.0,15086,252.8043588090004,"[0, 1, 0, 0, 1, 0, 0, 1, 0, 0]",100,1024,82
986,2,2.0,15087,252.99777879400062,"[0, 1, 0, 0, 1, 0, 0, 1, 0, 0]",100,1024,82
987,4,2.0,15089,253.2137996549991,"[0, 1, 0, 0, 1, 0, 0, 1, 0, 0]",100,1024,82
988,8,2.0,15093,253.47108704399943,"[0, 1, 0, 0, 1, 0, 0, 1, 0, 0]",100,1024,82
989,16,12.0,15102,253.8335447139998,"[1, 1, 0, 0, 1, 0, 0, 1, 0, 0]",100,1024,82
990,32,17.0,15121,254.38826841399896,"[1, 1, 1, 0, 0, 0, 0, 0, 0, 0]",100,1024,82
991,64,18.0,15154,255.36299781100024,"[1, 1, 0, 0, 0, 0, 0, 0, 0, 0]",100,1024,82
992,128,18.0,15218,257.0147203409997,"[1, 1, 0, 0, 0, 0, 0, 0, 0, 0]",100,1024,82
993,256,18.0,15287,258.76001999099935,"[1, 1, 0, 0, 0, 0, 0, 0, 0, 0]",100,1024,82
994,512,18.0,15287,258.76001999099935,"[1, 1, 0, 0, 0, 0, 0, 0, 0, 0]",100,1024,82
995,1024,18.0,15287,258.76001999099935,"[1, 1, 0, 0, 0, 0, 0, 0, 0, 0]",100,1024,82
996,0,0.0,15287,258.94747943499897,"[0, 1, 0, 0, 1, 1, 0, 1, 1, 1]",100,1024,83
997,1,0.0,15288,259.17150032599966,"[0, 1, 0, 0, 1, 1, 0, 1, 1, 1]",100,1024,83
998,2,0.0,15289,259.36806527800036,"[0, 1, 0, 0, 1, 1, 0, 1, 1, 1]",100,1024,83
999,4,1.0,15292,259.5919761740006,"[0, 1, 0, 0, 1, 1, 0, 1, 1, 0]",100,1024,83
1000,8,1.0,15296,259.859947302999,"[0, 1, 0, 0, 1, 1, 0, 1, 1, 0]",100,1024,83
1001,16,13.0,15307,260.2474141069997,"[1, 1, 1, 0, 1, 1, 0, 1, 0, 0]",100,1024,83
1002,32,17.0,15326,260.7978433640001,"[1, 1, 1, 1, 1, 1, 1, 0, 0, 0]",100,1024,83
1003,64,18.0,15359,261.7414229549995,"[1, 1, 1, 1, 1, 1, 1, 1, 0, 0]",100,1024,83
1004,128,18.0,15423,263.37970876500003,"[1, 1, 1, 1, 1, 1, 1, 1, 0, 0]",100,1024,83
1005,256,18.0,15494,265.230976498,"[1, 1, 1, 1, 1, 1, 1, 1, 0, 0]",100,1024,83
1006,512,18.0,15494,265.230976498,"[1, 1, 1, 1, 1, 1, 1, 1, 0, 0]",100,1024,83
1007,1024,18.0,15494,265.230976498,"[1, 1, 1, 1, 1, 1, 1, 1, 0, 0]",100,1024,83
1008,0,6.0,15494,265.40947741499986,"[1, 1, 1, 1, 1, 1, 0, 0, 1, 1]",100,1024,84
1009,1,6.0,15495,265.61086440799954,"[1, 1, 1, 1, 1, 1, 0, 0, 1, 1]",100,1024,84
1010,2,7.0,15497,265.8131441049991,"[1, 1, 1, 1, 1, 1, 1, 0, 1, 1]",100,1024,84
1011,4,10.0,15500,266.029849732,"[1, 1, 1, 1, 1, 1, 1, 1, 1, 1]",100,1024,84
1012,8,10.0,15504,266.30205733799994,"[1, 1, 1, 1, 1, 1, 1, 1, 1, 1]",100,1024,84
1013,16,10.0,15512,266.6653069740005,"[1, 1, 1, 1, 1, 1, 1, 1, 1, 1]",100,1024,84
1014,32,10.0,15528,267.2390802579994,"[1, 1, 1, 1, 1, 1, 1, 1, 1, 1]",100,1024,84
1015,64,10.0,15560,268.15206486900024,"[1, 1, 1, 1, 1, 1, 1, 1, 1, 1]",100,1024,84
1016,128,10.0,15624,269.8310953479995,"[1, 1, 1, 1, 1, 1, 1, 1, 1, 1]",100,1024,84
1017,256,10.0,15649,270.64833694799927,"[1, 1, 1, 1, 1, 1, 1, 1, 1, 1]",100,1024,84
1018,512,10.0,15649,270.64833694799927,"[1, 1, 1, 1, 1, 1, 1, 1, 1, 1]",100,1024,84
1019,1024,10.0,15649,270.64833694799927,"[1, 1, 1, 1, 1, 1, 1, 1, 1, 1]",100,1024,84
1020,0,2.0,15649,270.82729301200015,"[0, 0, 1, 0, 0, 0, 0, 1, 0, 0]",100,1024,85
1021,1,2.0,15650,271.02485719499964,"[0, 0, 1, 0, 0, 0, 0, 1, 0, 0]",100,1024,85
1022,2,2.0,15651,271.2239968819995,"[0, 0, 1, 0, 0, 0, 0, 1, 0, 0]",100,1024,85
1023,4,2.0,15653,271.44907993999914,"[0, 0, 1, 0, 0, 0, 0, 1, 0, 0]",100,1024,85
1024,8,2.0,15657,271.7251784479995,"[0, 0, 1, 0, 0, 0, 0, 1, 0, 0]",100,1024,85
1025,16,7.0,15666,272.0866546670004,"[0, 0, 1, 0, 0, 0, 0, 0, 0, 0]",100,1024,85
1026,32,10.0,15683,272.6540162040001,"[0, 0, 0, 0, 0, 0, 0, 0, 0, 0]",100,1024,85
1027,64,10.0,15715,273.6031718640006,"[0, 0, 0, 0, 0, 0, 0, 0, 0, 0]",100,1024,85
1028,128,10.0,15779,275.36927634899985,"[0, 0, 0, 0, 0, 0, 0, 0, 0, 0]",100,1024,85
1029,256,10.0,15819,276.4834115909998,"[0, 0, 0, 0, 0, 0, 0, 0, 0, 0]",100,1024,85
1030,512,10.0,15819,276.4834115909998,"[0, 0, 0, 0, 0, 0, 0, 0, 0, 0]",100,1024,85
1031,1024,10.0,15819,276.4834115909998,"[0, 0, 0, 0, 0, 0, 0, 0, 0, 0]",100,1024,85
1032,0,1.0,15819,276.6673529239997,"[1, 0, 1, 0, 1, 0, 0, 0, 0, 1]",100,1024,86
1033,1,1.0,15820,276.86764464000044,"[1, 0, 1, 0, 1, 0, 0, 0, 0, 1]",100,1024,86
1034,2,1.0,15821,277.06189513999925,"[1, 0, 1, 0, 1, 0, 0, 0, 0, 1]",100,1024,86
1035,4,3.0,15824,277.3068275679998,"[1, 1, 1, 0, 1, 0, 0, 0, 0, 1]",100,1024,86
1036,8,6.0,15830,277.58382480199907,"[1, 1, 1, 1, 1, 1, 0, 0, 0, 1]",100,1024,86
1037,16,7.0,15839,277.9504326509996,"[1, 1, 1, 1, 1, 1, 1, 0, 0, 1]",100,1024,86
1038,32,10.0,15857,278.5149278080007,"[1, 1, 1, 1, 1, 1, 1, 1, 1, 1]",100,1024,86
1039,64,10.0,15889,279.508150267,"[1, 1, 1, 1, 1, 1, 1, 1, 1, 1]",100,1024,86
1040,128,10.0,15953,281.2530592969997,"[1, 1, 1, 1, 1, 1, 1, 1, 1, 1]",100,1024,86
1041,256,10.0,15996,282.4567195740001,"[1, 1, 1, 1, 1, 1, 1, 1, 1, 1]",100,1024,86
1042,512,10.0,15996,282.4567195740001,"[1, 1, 1, 1, 1, 1, 1, 1, 1, 1]",100,1024,86
1043,1024,10.0,15996,282.4567195740001,"[1, 1, 1, 1, 1, 1, 1, 1, 1, 1]",100,1024,86
1044,0,1.0,15996,282.6412283749996,"[1, 0, 1, 1, 1, 0, 1, 1, 0, 1]",100,1024,87
1045,1,2.0,15998,282.84896338199906,"[1, 0, 1, 1, 1, 0, 1, 1, 0, 0]",100,1024,87
1046,2,2.0,15999,283.06162179199964,"[1, 0, 1, 1, 1, 0, 1, 1, 0, 0]",100,1024,87
1047,4,2.0,16001,283.2938759999997,"[1, 0, 1, 1, 1, 0, 1, 1, 0, 0]",100,1024,87
1048,8,15.0,16006,283.5950011570003,"[1, 1, 1, 1, 1, 0, 1, 1, 0, 0]",100,1024,87
1049,16,18.0,16015,284.01770502699947,"[1, 1, 1, 1, 1, 1, 1, 1, 0, 0]",100,1024,87
1050,32,18.0,16031,284.58942812500027,"[1, 1, 1, 1, 1, 1, 1, 1, 0, 0]",100,1024,87
1051,64,18.0,16063,285.5769127620006,"[1, 1, 1, 1, 1, 1, 1, 1, 0, 0]",100,1024,87
1052,128,18.0,16127,287.28113405300064,"[1, 1, 1, 1, 1, 1, 1, 1, 0, 0]",100,1024,87
1053,256,18.0,16165,288.3997242109999,"[1, 1, 1, 1, 1, 1, 1, 1, 0, 0]",100,1024,87
1054,512,18.0,16165,288.3997242109999,"[1, 1, 1, 1, 1, 1, 1, 1, 0, 0]",100,1024,87
1055,1024,18.0,16165,288.3997242109999,"[1, 1, 1, 1, 1, 1, 1, 1, 0, 0]",100,1024,87
1056,0,1.0,16165,288.58236956200017,"[1, 0, 0, 1, 0, 1, 0, 1, 1, 1]",100,1024,88
1057,1,1.0,16166,288.7918225859994,"[1, 0, 0, 1, 0, 1, 0, 1, 1, 1]",100,1024,88
1058,2,1.0,16167,289.02094681199924,"[1, 0, 0, 1, 0, 1, 0, 1, 1, 1]",100,1024,88
1059,4,1.0,16169,289.26580844399905,"[1, 0, 0, 1, 0, 1, 0, 1, 1, 1]",100,1024,88
1060,8,1.0,16173,289.54014982099943,"[1, 0, 0, 1, 0, 1, 0, 1, 1, 1]",100,1024,88
1061,16,1.0,16181,289.92343136099953,"[1, 0, 0, 1, 0, 1, 0, 1, 1, 1]",100,1024,88
1062,32,4.0,16199,290.53053581600034,"[1, 1, 1, 1, 0, 1, 0, 1, 1, 1]",100,1024,88
1063,64,10.0,16233,291.49098712399973,"[1, 1, 1, 1, 1, 1, 1, 1, 1, 1]",100,1024,88
1064,128,10.0,16297,293.29212958099924,"[1, 1, 1, 1, 1, 1, 1, 1, 1, 1]",100,1024,88
1065,256,10.0,16364,295.227099194999,"[1, 1, 1, 1, 1, 1, 1, 1, 1, 1]",100,1024,88
1066,512,10.0,16364,295.227099194999,"[1, 1, 1, 1, 1, 1, 1, 1, 1, 1]",100,1024,88
1067,1024,10.0,16364,295.227099194999,"[1, 1, 1, 1, 1, 1, 1, 1, 1, 1]",100,1024,88
1068,0,2.0,16364,295.41234381899994,"[1, 1, 0, 0, 1, 1, 0, 1, 1, 1]",100,1024,89
1069,1,2.0,16365,295.62329257999954,"[1, 1, 0, 0, 1, 1, 0, 1, 1, 1]",100,1024,89
1070,2,2.0,16366,295.83600250999916,"[1, 1, 0, 0, 1, 1, 0, 1, 1, 1]",100,1024,89
1071,4,2.0,16368,296.0811810819996,"[1, 1, 0, 0, 1, 1, 0, 1, 1, 1]",100,1024,89
1072,8,2.0,16372,296.3729841210006,"[1, 1, 0, 0, 1, 1, 0, 1, 1, 1]",100,1024,89
1073,16,2.0,16380,296.83024857300006,"[1, 1, 0, 0, 1, 1, 0, 1, 1, 1]",100,1024,89
1074,32,6.0,16398,297.4740903330003,"[1, 1, 1, 1, 1, 1, 0, 1, 1, 1]",100,1024,89
1075,64,6.0,16430,298.45981229599965,"[1, 1, 1, 1, 1, 1, 0, 1, 1, 1]",100,1024,89
1076,128,10.0,16495,300.3036947870005,"[1, 1, 1, 1, 1, 1, 1, 1, 1, 1]",100,1024,89
1077,256,10.0,16585,302.69533129699994,"[1, 1, 1, 1, 1, 1, 1, 1, 1, 1]",100,1024,89
1078,512,10.0,16585,302.69533129699994,"[1, 1, 1, 1, 1, 1, 1, 1, 1, 1]",100,1024,89
1079,1024,10.0,16585,302.69533129699994,"[1, 1, 1, 1, 1, 1, 1, 1, 1, 1]",100,1024,89
1080,0,3.0,16585,302.9007293169998,"[1, 1, 1, 0, 0, 0, 1, 1, 1, 1]",100,1024,90
1081,1,3.0,16586,303.13232760699975,"[1, 1, 1, 0, 0, 0, 1, 1, 1, 1]",100,1024,90
1082,2,3.0,16587,303.3470881249996,"[1, 1, 1, 0, 0, 0, 1, 1, 1, 1]",100,1024,90
1083,4,3.0,16589,303.584706312,"[1, 1, 1, 0, 0, 0, 1, 1, 1, 1]",100,1024,90
1084,8,3.0,16593,303.8737322140005,"[1, 1, 1, 0, 0, 0, 1, 1, 1, 1]",100,1024,90
1085,16,4.0,16602,304.2679385529991,"[1, 1, 1, 1, 0, 0, 1, 1, 1, 1]",100,1024,90
1086,32,10.0,16620,304.9012530429991,"[1, 1, 1, 1, 1, 1, 1, 1, 1, 1]",100,1024,90
1087,64,10.0,16652,305.94323877900024,"[1, 1, 1, 1, 1, 1, 1, 1, 1, 1]",100,1024,90
1088,128,10.0,16716,307.7193381779998,"[1, 1, 1, 1, 1, 1, 1, 1, 1, 1]",100,1024,90
1089,256,10.0,16769,309.27889848799896,"[1, 1, 1, 1, 1, 1, 1, 1, 1, 1]",100,1024,90
1090,512,10.0,16769,309.27889848799896,"[1, 1, 1, 1, 1, 1, 1, 1, 1, 1]",100,1024,90
1091,1024,10.0,16769,309.27889848799896,"[1, 1, 1, 1, 1, 1, 1, 1, 1, 1]",100,1024,90
1092,0,0.0,16769,309.4764432159991,"[0, 0, 0, 1, 0, 0, 1, 1, 0, 1]",100,1024,91
1093,1,0.0,16770,309.69277846300065,"[0, 0, 0, 1, 0, 0, 1, 1, 0, 1]",100,1024,91
1094,2,0.0,16771,309.9047583289994,"[0, 0, 0, 1, 0, 0, 1, 1, 0, 1]",100,1024,91
1095,4,0.0,16773,310.16637105299924,"[0, 0, 0, 1, 0, 0, 1, 1, 0, 1]",100,1024,91
1096,8,1.0,16778,310.4764870889994,"[1, 0, 0, 1, 0, 0, 1, 1, 0, 1]",100,1024,91
1097,16,1.0,16786,310.8684500719992,"[1, 0, 0, 1, 0, 0, 1, 1, 0, 1]",100,1024,91
1098,32,15.0,16806,311.47647923799923,"[1, 1, 1, 1, 1, 0, 1, 1, 0, 0]",100,1024,91
1099,64,18.0,16839,312.4791259779995,"[1, 1, 1, 1, 1, 1, 1, 1, 0, 0]",100,1024,91
1100,128,18.0,16903,314.365389478,"[1, 1, 1, 1, 1, 1, 1, 1, 0, 0]",100,1024,91
1101,256,18.0,16968,316.27833974200075,"[1, 1, 1, 1, 1, 1, 1, 1, 0, 0]",100,1024,91
1102,512,18.0,16968,316.27833974200075,"[1, 1, 1, 1, 1, 1, 1, 1, 0, 0]",100,1024,91
1103,1024,18.0,16968,316.27833974200075,"[1, 1, 1, 1, 1, 1, 1, 1, 0, 0]",100,1024,91
1104,0,2.0,16968,316.47537671399914,"[1, 0, 0, 1, 1, 0, 0, 1, 0, 0]",100,1024,92
1105,1,5.0,16970,316.69702837300065,"[1, 0, 0, 1, 1, 0, 0, 0, 0, 0]",100,1024,92
1106,2,5.0,16971,316.92248156999995,"[1, 0, 0, 1, 1, 0, 0, 0, 0, 0]",100,1024,92
1107,4,15.0,16974,317.17208388700055,"[1, 1, 0, 1, 1, 0, 0, 0, 0, 0]",100,1024,92
1108,8,16.0,16979,317.4660073499999,"[1, 1, 0, 1, 0, 0, 0, 0, 0, 0]",100,1024,92
1109,16,18.0,16988,317.8694070750007,"[1, 1, 0, 0, 0, 0, 0, 0, 0, 0]",100,1024,92
1110,32,18.0,17004,318.4752612129996,"[1, 1, 0, 0, 0, 0, 0, 0, 0, 0]",100,1024,92
1111,64,18.0,17036,319.5295650520002,"[1, 1, 0, 0, 0, 0, 0, 0, 0, 0]",100,1024,92
1112,128,18.0,17100,321.5435391280007,"[1, 1, 0, 0, 0, 0, 0, 0, 0, 0]",100,1024,92
1113,256,18.0,17132,322.6074706159998,"[1, 1, 0, 0, 0, 0, 0, 0, 0, 0]",100,1024,92
1114,512,18.0,17132,322.6074706159998,"[1, 1, 0, 0, 0, 0, 0, 0, 0, 0]",100,1024,92
1115,1024,18.0,17132,322.6074706159998,"[1, 1, 0, 0, 0, 0, 0, 0, 0, 0]",100,1024,92
1116,0,2.0,17132,322.81807874399965,"[0, 0, 0, 1, 0, 1, 1, 1, 0, 0]",100,1024,93
1117,1,2.0,17133,323.04254207300073,"[0, 0, 0, 1, 0, 1, 1, 1, 0, 0]",100,1024,93
1118,2,2.0,17134,323.2656308360001,"[0, 0, 0, 1, 0, 1, 1, 1, 0, 0]",100,1024,93
1119,4,2.0,17136,323.5224965519992,"[0, 0, 0, 1, 0, 1, 1, 1, 0, 0]",100,1024,93
1120,8,4.0,17142,323.8482328560003,"[0, 0, 0, 1, 0, 1, 0, 0, 0, 0]",100,1024,93
1121,16,4.0,17150,324.33069650200014,"[0, 0, 0, 1, 0, 1, 0, 0, 0, 0]",100,1024,93
1122,32,6.0,17167,324.9617530129999,"[0, 0, 0, 1, 0, 0, 0, 0, 0, 0]",100,1024,93
1123,64,10.0,17200,326.07637794999937,"[0, 0, 0, 0, 0, 0, 0, 0, 0, 0]",100,1024,93
1124,128,10.0,17264,328.00668909900014,"[0, 0, 0, 0, 0, 0, 0, 0, 0, 0]",100,1024,93
1125,256,10.0,17322,329.81594239699916,"[0, 0, 0, 0, 0, 0, 0, 0, 0, 0]",100,1024,93
1126,512,10.0,17322,329.81594239699916,"[0, 0, 0, 0, 0, 0, 0, 0, 0, 0]",100,1024,93
1127,1024,10.0,17322,329.81594239699916,"[0, 0, 0, 0, 0, 0, 0, 0, 0, 0]",100,1024,93
1128,0,1.0,17322,330.02125686,"[0, 1, 0, 1, 0, 1, 0, 1, 1, 0]",100,1024,94
1129,1,1.0,17323,330.2803494279997,"[0, 1, 0, 1, 0, 1, 0, 1, 1, 0]",100,1024,94
1130,2,2.0,17325,330.5194957879994,"[1, 1, 0, 1, 0, 1, 0, 1, 1, 0]",100,1024,94
1131,4,12.0,17328,330.77186483399964,"[1, 1, 0, 1, 0, 1, 0, 1, 0, 0]",100,1024,94
1132,8,14.0,17333,331.07878850999987,"[1, 1, 1, 1, 0, 1, 0, 1, 0, 0]",100,1024,94
1133,16,16.0,17342,331.4930879040003,"[1, 1, 1, 1, 1, 1, 0, 1, 0, 0]",100,1024,94
1134,32,18.0,17359,332.2039598129995,"[1, 1, 1, 1, 1, 1, 1, 1, 0, 0]",100,1024,94
1135,64,18.0,17391,333.32820952600014,"[1, 1, 1, 1, 1, 1, 1, 1, 0, 0]",100,1024,94
1136,128,18.0,17455,335.2884741880007,"[1, 1, 1, 1, 1, 1, 1, 1, 0, 0]",100,1024,94
1137,256,18.0,17498,336.6453370519994,"[1, 1, 1, 1, 1, 1, 1, 1, 0, 0]",100,1024,94
1138,512,18.0,17498,336.6453370519994,"[1, 1, 1, 1, 1, 1, 1, 1, 0, 0]",100,1024,94
1139,1024,18.0,17498,336.6453370519994,"[1, 1, 1, 1, 1, 1, 1, 1, 0, 0]",100,1024,94
1140,0,2.0,17498,336.8650850920003,"[1, 1, 0, 1, 0, 1, 0, 1, 1, 1]",100,1024,95
1141,1,2.0,17499,337.1316494870007,"[1, 1, 0, 1, 0, 1, 0, 1, 1, 1]",100,1024,95
1142,2,2.0,17500,337.34868031299993,"[1, 1, 0, 1, 0, 1, 0, 1, 1, 1]",100,1024,95
1143,4,4.0,17503,337.60350648299936,"[1, 1, 1, 1, 0, 1, 0, 1, 1, 1]",100,1024,95
1144,8,10.0,17509,337.91750141599914,"[1, 1, 1, 1, 1, 1, 1, 1, 1, 1]",100,1024,95
1145,16,10.0,17517,338.3372624620006,"[1, 1, 1, 1, 1, 1, 1, 1, 1, 1]",100,1024,95
1146,32,10.0,17533,339.03591594499994,"[1, 1, 1, 1, 1, 1, 1, 1, 1, 1]",100,1024,95
1147,64,10.0,17565,340.0918993720006,"[1, 1, 1, 1, 1, 1, 1, 1, 1, 1]",100,1024,95
1148,128,10.0,17629,342.0525395650002,"[1, 1, 1, 1, 1, 1, 1, 1, 1, 1]",100,1024,95
1149,256,10.0,17657,343.0260143680007,"[1, 1, 1, 1, 1, 1, 1, 1, 1, 1]",100,1024,95
1150,512,10.0,17657,343.0260143680007,"[1, 1, 1, 1, 1, 1, 1, 1, 1, 1]",100,1024,95
1151,1024,10.0,17657,343.0260143680007,"[1, 1, 1, 1, 1, 1, 1, 1, 1, 1]",100,1024,95
1152,0,1.0,17657,343.2265714589994,"[0, 0, 0, 1, 1, 1, 1, 1, 1, 0]",100,1024,96
1153,1,1.0,17658,343.4576795899993,"[0, 0, 0, 1, 1, 1, 1, 1, 1, 0]",100,1024,96
1154,2,1.0,17659,343.68015370300054,"[0, 0, 0, 1, 1, 1, 1, 1, 1, 0]",100,1024,96
1155,4,1.0,17661,343.9377637180005,"[0, 0, 0, 1, 1, 1, 1, 1, 1, 0]",100,1024,96
1156,8,2.0,17666,344.25008088699906,"[0, 0, 0, 1, 1, 1, 1, 1, 0, 0]",100,1024,96
1157,16,2.0,17674,344.66088702399975,"[0, 0, 0, 1, 1, 1, 1, 1, 0, 0]",100,1024,96
1158,32,5.0,17693,345.3201943900003,"[0, 0, 0, 1, 1, 0, 0, 0, 0, 0]",100,1024,96
1159,64,6.0,17726,346.3902114369994,"[0, 0, 0, 1, 0, 0, 0, 0, 0, 0]",100,1024,96
1160,128,10.0,17791,348.3092110870002,"[0, 0, 0, 0, 0, 0, 0, 0, 0, 0]",100,1024,96
1161,256,10.0,17878,351.0445961459991,"[0, 0, 0, 0, 0, 0, 0, 0, 0, 0]",100,1024,96
1162,512,10.0,17878,351.0445961459991,"[0, 0, 0, 0, 0, 0, 0, 0, 0, 0]",100,1024,96
1163,1024,10.0,17878,351.0445961459991,"[0, 0, 0, 0, 0, 0, 0, 0, 0, 0]",100,1024,96
1164,0,2.0,17878,351.24053121900033,"[0, 0, 1, 0, 1, 0, 1, 1, 0, 0]",100,1024,97
1165,1,2.0,17879,351.4644190309991,"[0, 0, 1, 0, 1, 0, 1, 1, 0, 0]",100,1024,97
1166,2,2.0,17880,351.69305652299954,"[0, 0, 1, 0, 1, 0, 1, 1, 0, 0]",100,1024,97
1167,4,3.0,17883,351.93721180600005,"[0, 0, 1, 0, 1, 0, 1, 0, 0, 0]",100,1024,97
1168,8,5.0,17888,352.24434887999996,"[0, 0, 1, 0, 1, 0, 0, 0, 0, 0]",100,1024,97
1169,16,5.0,17896,352.6523338269999,"[0, 0, 1, 0, 1, 0, 0, 0, 0, 0]",100,1024,97
1170,32,7.0,17913,353.28889628400066,"[0, 0, 1, 0, 0, 0, 0, 0, 0, 0]",100,1024,97
1171,64,10.0,17946,354.3387544109992,"[0, 0, 0, 0, 0, 0, 0, 0, 0, 0]",100,1024,97
1172,128,10.0,18010,356.3385590380003,"[0, 0, 0, 0, 0, 0, 0, 0, 0, 0]",100,1024,97
1173,256,10.0,18066,358.32790521099923,"[0, 0, 0, 0, 0, 0, 0, 0, 0, 0]",100,1024,97
1174,512,10.0,18066,358.32790521099923,"[0, 0, 0, 0, 0, 0, 0, 0, 0, 0]",100,1024,97
1175,1024,10.0,18066,358.32790521099923,"[0, 0, 0, 0, 0, 0, 0, 0, 0, 0]",100,1024,97
1176,0,1.0,18066,358.5659239659999,"[1, 0, 0, 1, 1, 1, 1, 0, 1, 0]",100,1024,98
1177,1,1.0,18067,358.8219527309993,"[1, 0, 0, 1, 1, 1, 1, 0, 1, 0]",100,1024,98
1178,2,1.0,18068,359.0476667290004,"[1, 0, 0, 1, 1, 1, 1, 0, 1, 0]",100,1024,98
1179,4,1.0,18070,359.3387317529996,"[1, 0, 0, 1, 1, 1, 1, 0, 1, 0]",100,1024,98
1180,8,3.0,18075,359.6601154210002,"[1, 0, 0, 1, 1, 1, 1, 0, 0, 0]",100,1024,98
1181,16,13.0,18084,360.0792782110002,"[1, 1, 0, 1, 1, 1, 1, 0, 0, 0]",100,1024,98
1182,32,18.0,18102,360.75841015699916,"[1, 1, 1, 1, 1, 1, 1, 1, 0, 0]",100,1024,98
1183,64,18.0,18134,361.8434356109992,"[1, 1, 1, 1, 1, 1, 1, 1, 0, 0]",100,1024,98
1184,128,18.0,18198,363.80498003499997,"[1, 1, 1, 1, 1, 1, 1, 1, 0, 0]",100,1024,98
1185,256,18.0,18248,365.4696955700001,"[1, 1, 1, 1, 1, 1, 1, 1, 0, 0]",100,1024,98
1186,512,18.0,18248,365.4696955700001,"[1, 1, 1, 1, 1, 1, 1, 1, 0, 0]",100,1024,98
1187,1024,18.0,18248,365.4696955700001,"[1, 1, 1, 1, 1, 1, 1, 1, 0, 0]",100,1024,98
1188,0,13.0,18248,365.68289875700066,"[1, 1, 1, 0, 0, 0, 0, 1, 0, 0]",100,1024,99
1189,1,14.0,18250,365.91961959999935,"[1, 1, 1, 1, 0, 0, 0, 1, 0, 0]",100,1024,99
1190,2,15.0,18252,366.1480582839995,"[1, 1, 1, 1, 1, 0, 0, 1, 0, 0]",100,1024,99
1191,4,15.0,18254,366.41170377399976,"[1, 1, 1, 1, 1, 0, 0, 1, 0, 0]",100,1024,99
1192,8,16.0,18259,366.7207331720001,"[1, 1, 1, 1, 1, 1, 0, 1, 0, 0]",100,1024,99
1193,16,18.0,18268,367.15591062100066,"[1, 1, 1, 1, 1, 1, 1, 1, 0, 0]",100,1024,99
1194,32,18.0,18284,367.82240327199906,"[1, 1, 1, 1, 1, 1, 1, 1, 0, 0]",100,1024,99
1195,64,18.0,18316,368.9682210339997,"[1, 1, 1, 1, 1, 1, 1, 1, 0, 0]",100,1024,99
1196,128,18.0,18380,371.0175341569993,"[1, 1, 1, 1, 1, 1, 1, 1, 0, 0]",100,1024,99
1197,256,18.0,18411,372.093059077999,"[1, 1, 1, 1, 1, 1, 1, 1, 0, 0]",100,1024,99
1198,512,18.0,18411,372.093059077999,"[1, 1, 1, 1, 1, 1, 1, 1, 0, 0]",100,1024,99
1199,1024,18.0,18411,372.093059077999,"[1, 1, 1, 1, 1, 1, 1, 1, 0, 0]",100,1024,99
1200,0,0.0,18411,372.3079397540005,"[0, 0, 1, 1, 1, 1, 1, 0, 0, 1]",100,1024,100
1201,1,3.0,18413,372.54900902999907,"[0, 0, 1, 1, 1, 1, 1, 0, 0, 0]",100,1024,100
1202,2,3.0,18414,372.77922043999934,"[0, 0, 1, 1, 1, 1, 1, 0, 0, 0]",100,1024,100
1203,4,3.0,18416,373.035986081999,"[0, 0, 1, 1, 1, 1, 1, 0, 0, 0]",100,1024,100
1204,8,3.0,18420,373.3880428880002,"[0, 0, 1, 1, 1, 1, 1, 0, 0, 0]",100,1024,100
1205,16,3.0,18428,373.83353313599946,"[0, 0, 1, 1, 1, 1, 1, 0, 0, 0]",100,1024,100
1206,32,4.0,18445,374.54479913400064,"[0, 0, 1, 1, 1, 1, 0, 0, 0, 0]",100,1024,100
1207,64,6.0,18479,375.6635582149993,"[0, 0, 1, 1, 0, 0, 0, 0, 0, 0]",100,1024,100
1208,128,10.0,18545,377.65500604800036,"[0, 0, 0, 0, 0, 0, 0, 0, 0, 0]",100,1024,100
1209,256,10.0,18640,380.735786457999,"[0, 0, 0, 0, 0, 0, 0, 0, 0, 0]",100,1024,100
1210,512,10.0,18640,380.735786457999,"[0, 0, 0, 0, 0, 0, 0, 0, 0, 0]",100,1024,100
1211,1024,10.0,18640,380.735786457999,"[0, 0, 0, 0, 0, 0, 0, 0, 0, 0]",100,1024,100
